atk_base_bearing_rad,atk_launch_delay_mean,atk_mode,atk_n,atk_spread_rad,atk_torpedo_max_run_time,atk_torpedo_origin,atk_torpedo_speed,def_jitter_std,def_spacing_across,def_spacing_along,noise_p_dud,noise_sigma_heading_rad,noise_sigma_launch_delay,expected_hits,p_hit_ge_1,CVaR_90
-0.19338894578858837,1.2132715515343597,fan,4,0.325308095680109,763.0874974396269,(-2000.0, 0.0),27.294965609839984,1.6389409574477876,303.9573427527741,654.7846749285817,0.000547700034029619,0.04675362118938842,1.6317071082430643,3.84,1.0,6.142857142857143
0.06547349573159088,0.32788530641565194,fan,6,0.2999822999704857,706.6911259145357,(-2000.0, 0.0),26.89301736930184,5.470691392708522,335.8741386589525,667.491251904822,0.05474623404667927,0.045755930744484155,1.5030793752167826,7.04,1.0,10.375
-0.08162218936964334,1.6765889805118819,fan,4,0.3934811766425663,755.7287240371639,(-2000.0, 0.0),21.63683394834633,6.139542115870182,428.98722176720577,475.48832344018757,0.07538070236000527,0.0479099989961894,0.23785979136132807,4.08,1.0,6.571428571428571
0.06828546212211983,1.4164648302968668,fan,2,0.09265158120978155,609.0879472459835,(-2000.0, 0.0),24.693399757146036,5.578617630858029,446.036378915571,554.7116650315602,0.019483250310165623,0.002232896262690337,0.5918054839415636,1.92,1.0,2.0
0.15809907385109626,0.7300205229203929,fan,6,0.12547449101282387,794.0170381610434,(-2000.0, 0.0),23.35073919706349,15.260446694622608,422.59707238994883,416.81709613996776,0.01688805634943771,0.038776724558482134,0.28253368787255106,6.32,1.0,10.5
0.016379335912902884,0.4974459842925876,fan,4,0.10399285891556596,733.702267785997,(-2000.0, 0.0),21.951372227842807,37.343776068354785,434.88273583547385,568.6869630959133,0.1426839061573716,0.03614473612313787,0.06804467889971266,2.62,0.84,6.166666666666667
-0.13323053795729667,0.9055188283313229,fan,6,0.3774781204028524,873.0782515328192,(-2000.0, 0.0),24.276432864555723,9.02018242190639,352.1813582316246,656.5872895702373,0.14212534292865828,0.0117711358761892,0.4426600177127926,5.48,1.0,7.4
-0.13642249373194631,1.8190800315607418,fan,4,0.01952244485635264,637.9777237207516,(-2000.0, 0.0),25.45874952065777,6.850129916408143,357.3774955161655,417.5305113492632,0.015124563442872985,0.007362105267396813,1.8757094257331928,1.08,0.74,2.1333333333333333
-0.16594570753493257,1.3595838540251495,fan,2,0.2580508034460767,737.1072658788196,(-2000.0, 0.0),21.105911068157173,3.2348325169669057,395.1575549474966,433.17554012815333,0.13895085685674477,0.012562744167197243,0.5584200242886512,1.34,0.82,3.2857142857142856
-0.17418515284101155,1.4894217753143288,fan,6,0.22713183856573577,694.5088284695524,(-2000.0, 0.0),20.014892079536406,6.431860855399627,417.0014792436592,440.7353297429358,0.15510062552383053,0.006616388227763348,1.0853683572968642,5.72,1.0,7.266666666666667
0.05179435387512581,0.9908230054632239,fan,2,0.07023752832127594,818.3903674647593,(-2000.0, 0.0),25.372792804252022,10.553238385043674,363.74717198220804,471.2907735981327,0.04187879480323058,0.030387018761703834,1.6687245147810046,2.92,1.0,5.4
-0.06040597152878613,0.6144758648368731,fan,6,0.25442576474653744,844.7525214988073,(-2000.0, 0.0),29.220066561000085,25.06009108157382,291.5450612971915,465.7973782813899,0.1396712738175447,0.03440337904704992,1.2492431729980589,7.94,1.0,13.2
-0.16269441192618112,1.1910235212147313,fan,2,0.0777406148416632,625.700583049606,(-2000.0, 0.0),25.5706859245337,14.752475340613032,328.11884107875835,496.7745758533903,0.1437609456373017,0.045447876932271036,1.5230572843146424,2.4,0.96,4.2
-0.1612814520072301,0.9840358978831696,fan,4,0.24089819064382773,824.1766033073588,(-2000.0, 0.0),20.43714296573283,6.298700687565515,330.8149406225628,578.2280389692421,0.13339271655662363,0.011404976295389935,0.42166232009902127,4.12,1.0,6.222222222222222
0.1863195553692228,0.5060718275665954,fan,6,0.019258611403036377,891.8034691408646,(-2000.0, 0.0),20.12614981029652,20.314070371014555,428.5198353575193,777.3142754184554,0.12295481063753944,0.03780358393247715,1.3047659154885056,5.36,1.0,9.2
0.06973883118421856,0.06369229703229129,fan,2,0.3785911855445191,834.9829329006056,(-2000.0, 0.0),24.154571310266697,9.787573660090644,255.480794769499,446.4422137803195,0.045861445921494465,0.01890731209386098,1.077928798381772,1.34,0.88,2.0454545454545454
0.1907013472535576,1.578568974279531,fan,4,0.17022970554299421,700.5047416393635,(-2000.0, 0.0),23.7160499716968,20.37794829295949,449.25259038429556,542.2806446201906,0.09321435387093924,0.044309322431323864,1.2570775028569714,3.48,1.0,5.6
-0.022147412220471365,0.7544755461235853,fan,2,0.35493425866753636,875.8305443978534,(-2000.0, 0.0),20.68133314400982,21.118552527083697,388.11406132264375,528.1275378678016,0.011875267971582627,0.024851335767286473,0.1875471431136817,1.88,0.98,3.0
0.14877099954403303,1.015374033682643,fan,2,0.3104779369924351,767.9269261207697,(-2000.0, 0.0),20.624028544058703,26.4370772999539,385.7426061390958,778.7322173793959,0.023887588908107937,0.02927634022350968,0.7349651277464886,1.16,0.76,3.0
-0.1511819760826806,1.554418297125984,fan,2,0.04943360341270107,842.6643783734048,(-2000.0, 0.0),24.800242196420875,5.575015584291312,348.76431847066874,503.5502854577435,0.10896705632142004,0.033078929176846614,1.8475807813904732,2.16,1.0,3.3333333333333335
0.05611774450868645,0.3043475822209303,fan,2,0.3938250957806664,822.7416918601788,(-2000.0, 0.0),28.354419797015336,38.13557845945852,374.33882950686115,756.0212851427762,0.12385647813668273,0.018142184425449567,1.1316263991831863,1.62,0.98,2.142857142857143
-0.009423442325818689,1.96524980156066,fan,4,0.26224454206244213,870.5049837409451,(-2000.0, 0.0),27.204959546673873,39.22039774962614,304.0325813959454,728.0134804918678,0.11635380073076695,0.03220328641976455,1.233949052018778,5.82,1.0,8.5
-0.05480290062511198,1.010526907620087,fan,6,0.105633204664721,828.3935262525597,(-2000.0, 0.0),26.782773920439993,27.980622588661696,328.95573897204736,783.7972982167188,0.09444513419928457,0.04239069164502846,1.675724417639206,7.04,1.0,10.625
-0.04384394229944029,1.8686817262956983,fan,4,0.23425216232023116,749.7276696752646,(-2000.0, 0.0),22.749896661431038,14.534746487895776,434.49204629121795,783.4965802245924,0.03666225223995947,0.02363629587116672,0.16211029460510695,4.76,1.0,6.153846153846154
-0.011122362049770197,0.9074090360317844,fan,4,0.0503306130496152,765.0296481817293,(-2000.0, 0.0),25.521695487423337,30.545690643161436,325.19567914344833,792.5635291899229,0.057976310400292524,0.0029037658849082938,1.5466719678733258,1.6,0.8,3.0
-0.07510499322653988,1.801059632968556,fan,4,0.1298576957403281,747.62274846772,(-2000.0, 0.0),20.874709218693383,32.37302724721641,426.3636413000706,548.1201852746466,0.12615691135203483,0.01736413558755409,0.855210448777957,3.22,0.96,5.2727272727272725
0.18367424707239835,1.7233875081505077,fan,4,0.3076468144786258,887.5464719433782,(-2000.0, 0.0),28.728946541964607,39.66216845451082,416.94595640741875,682.4006798386804,0.09304476045167592,0.0391648619938649,1.7783084953432595,3.24,0.98,5.428571428571429
-0.18768084632247117,0.2983750331665507,fan,2,0.39651697045347734,850.0688172848087,(-2000.0, 0.0),23.480620916724064,9.028935218849892,340.4669928603387,681.5723376703475,0.11884337841469604,0.027835662000462835,1.197489823775696,0.5,0.26,2.3333333333333335
0.14474913046924837,1.4390411529472504,fan,2,0.3263177260731147,831.714896253576,(-2000.0, 0.0),26.242322971941324,33.66466637620111,251.88114706524703,662.2127573267862,0.14936080830171286,0.00797116132880481,1.8907164819638962,1.36,0.76,3.0
-0.18869353354901408,1.8453756683490783,fan,6,0.2908207750432706,640.9090683499143,(-2000.0, 0.0),24.810066845039337,23.96089702946941,285.2453811035798,492.52963375919774,0.0881196791181155,0.00346664152577828,1.1579818179097106,5.54,1.0,7.071428571428571
-0.005336586604174665,1.9381881607856792,fan,2,0.17344502697929198,870.6653823057674,(-2000.0, 0.0),23.513949426598995,29.6531024393653,272.0382054452633,638.7282351423689,0.12005846663773681,0.047134417789404276,0.18380209624275312,3.1,1.0,5.142857142857143
0.11764355671335025,0.9796195976356152,fan,4,0.1778933233791501,719.1558221826198,(-2000.0, 0.0),20.971777097234035,23.209783553345396,404.71012769034144,477.3102907226073,0.04519448887550592,0.0279440354767541,0.3548975612696952,4.18,1.0,7.333333333333333
0.07909123871459696,0.9223233150675632,fan,2,0.26695112391473586,624.8219864519994,(-2000.0, 0.0),27.60046144569297,31.23965349919348,347.6399157279722,556.8156515165668,0.014894551932562262,0.032387304603053904,1.8354625658941262,2.64,1.0,4.230769230769231
-0.044637482285666025,0.9037424512378689,fan,6,0.39871913040063633,626.8107226402457,(-2000.0, 0.0),20.65753007892663,7.13123478349349,373.49165210460404,527.352189423307,0.006609361766717892,0.02985088422254923,1.833984238889509,6.82,1.0,9.2
-0.04529347193819655,1.6687173724978934,fan,6,0.3697138882859199,601.1778417447905,(-2000.0, 0.0),24.188684607079146,27.128276934059528,448.15463877252773,492.24678554525366,0.1766012288976463,0.0409431611741208,1.5692961990962058,4.94,1.0,9.2
0.1326430879246092,0.556368512490627,fan,2,0.29149259292852453,716.5322718649779,(-2000.0, 0.0),23.55254674088712,14.759641210368674,325.8899279598633,784.1187605277644,0.04570700079029608,0.04636275835814892,1.528779938161546,1.76,0.92,3.076923076923077
0.1883919767607825,0.5238428950312586,fan,2,0.1834883851790135,864.8131572618787,(-2000.0, 0.0),28.583638287365698,11.502065232327876,301.9550942338503,673.5459719313054,0.1742449007258322,0.005348498322018553,0.6157824569055907,1.78,0.96,3.0
-0.183497890925029,0.8337973031310533,fan,6,0.09845528844929104,712.152490242337,(-2000.0, 0.0),24.00936464144444,31.094320738849206,255.9794200645954,407.51322321309306,0.03852240347433205,0.04068285851170708,1.3279380128080231,6.72,1.0,9.727272727272727
0.017387541624106363,1.7409810908422998,fan,2,0.2720724802478981,747.1282024846817,(-2000.0, 0.0),20.19151592361183,6.543474880840376,420.75859365679275,532.1988674663373,0.003840504459471661,0.01738340523724658,0.6267358759782902,1.76,0.98,3.3333333333333335
0.02198417743001482,1.4552694671294133,fan,2,0.2630933164449268,708.2717455279751,(-2000.0, 0.0),29.34838209791047,12.58794428531321,322.16510192457116,566.0700480752713,0.00749890633205077,0.045441792963457336,1.8170372068082636,2.66,1.0,4.142857142857143
0.07501755488276363,0.662599318079585,fan,4,0.2702129328493727,769.529700665204,(-2000.0, 0.0),20.986196702637656,8.691991998449936,312.0341887143477,422.53776728968967,0.02836405111944027,0.006919617687999919,0.5717838859682338,5.64,1.0,7.142857142857143
-0.08962541050321633,1.0979380873063052,fan,4,0.3062523568948491,829.2047145486489,(-2000.0, 0.0),20.148062573461637,17.080810117300324,311.74127593906377,580.9887170151717,0.17119706072894172,0.001416323359241073,1.3980565126966635,5.64,1.0,8.0
-0.05180488297103252,1.5471417523018294,fan,6,0.07789668101994557,605.2070331014683,(-2000.0, 0.0),23.101876276756272,22.85392883132446,446.5788201403059,764.3072866940611,0.09133201203769975,0.014964874887916625,1.0822354176710902,5.14,1.0,8.4
0.030019526058514014,0.7394004463459207,fan,6,0.33568629530571026,820.4882377591449,(-2000.0, 0.0),28.281670834823824,8.938519084792702,376.44123880993874,700.277697960461,0.10613596915266404,0.011281991996002973,1.6643495979854617,6.72,1.0,8.2
-0.10299956411549052,1.4192703092184213,fan,2,0.29812873916719373,898.8112940158479,(-2000.0, 0.0),24.24567750736351,36.76930362403298,379.6795226703124,774.7349581431594,0.14747573716918075,0.04795778220322273,0.6045338467547772,1.38,0.78,3.25
0.07782653029456808,0.7734487385192779,fan,4,0.250954290686112,812.7568343907512,(-2000.0, 0.0),27.79153011980287,0.18674386781473817,437.551015297846,430.1702642445816,0.08498625381755119,0.012381598787145632,0.8942884601444518,2.76,1.0,4.363636363636363
0.11591656064798893,1.577739881400145,fan,2,0.20267903554521938,774.7575766546499,(-2000.0, 0.0),27.452036498779933,38.02002816628046,354.37728656115524,787.3170528175832,0.13250975405103624,0.017742085810981467,0.7034434257056454,1.16,0.84,2.230769230769231
-0.030539426571068874,0.980863300897338,fan,4,0.0021243188748124365,887.6887782377217,(-2000.0, 0.0),28.77367085513103,22.55742423472697,341.16706047048683,705.9579251773864,0.038391041639007244,0.008676448933663738,0.48228704183884785,2.72,0.88,6.333333333333333
0.1867211509423696,0.6146006150334242,fan,2,0.022758878103082747,816.2202896187407,(-2000.0, 0.0),22.31753663338569,32.98806299864171,306.30649269224915,734.7557162893056,0.04414564106695982,0.028521639801812815,1.4853084389480837,1.6,0.88,3.125
-0.06706854462661486,1.8535884459981706,fan,2,0.02524301001368401,752.7036244059246,(-2000.0, 0.0),22.449665682312048,26.417132788221885,346.72765247596163,625.2439070564918,0.0626073127731527,0.026410607289722304,0.8500121158308251,3.54,1.0,5.0
0.18340966792975422,0.4867646473758451,fan,6,0.17559809714500973,843.0059244687033,(-2000.0, 0.0),25.62297704447248,7.647890791082093,283.66582540303,699.7178334074623,0.12100600748350908,0.013426076844135333,1.9101251266437471,6.1,1.0,8.0
-0.12096901293368756,0.34527072088879884,fan,2,0.3201485250166796,748.8204042025532,(-2000.0, 0.0),27.36670310558775,38.788085684646646,407.45310463001204,468.71402966337695,0.008682475425074943,0.037455310320004674,1.8584322285862385,1.98,0.94,4.142857142857143
-0.12214190060516224,1.2545424807607284,fan,6,0.34436212883191375,892.5610017139538,(-2000.0, 0.0),23.086039968284698,22.333171209554898,297.4032521753212,571.3503530192368,0.08112138125176756,0.03416441367275699,0.6894938641081372,6.42,1.0,10.833333333333334
-0.12342676230141802,1.2065162492488122,fan,4,0.18153141896620825,848.9017128432697,(-2000.0, 0.0),25.913444672958487,15.158581629135783,269.7836972808525,430.43511494676227,0.0778067470007404,0.0417475238755565,0.43051497881301937,5.08,1.0,7.333333333333333
-0.008797463526300665,1.338007929493445,fan,4,0.13914775824308037,648.1405963910335,(-2000.0, 0.0),26.313967009451073,35.72992775809883,324.52655509665493,543.357353152169,0.018460755561326914,0.001868342255505806,0.9554605673631544,6.18,1.0,8.2
-0.05599619924580282,0.03417308631168803,fan,4,0.2612437543630773,633.851807368865,(-2000.0, 0.0),28.60784903045242,9.080806343767215,380.3817433392211,408.68269503210166,0.017955772338350773,0.028922882567763476,0.9758899181039262,5.26,1.0,8.375
0.17694830861935718,0.36728076396249976,fan,2,0.1704282627134057,815.9559826067141,(-2000.0, 0.0),24.058220150354558,5.005734968273785,316.9274879720394,444.508482838546,0.15947196548606116,0.018895594244173603,0.31926634602358517,1.78,0.92,3.3333333333333335
0.01635985414828709,0.7843193380123588,fan,4,0.37164915863094894,761.761830247351,(-2000.0, 0.0),20.47330810394435,23.80758235231196,365.16003261860044,748.4357646509492,0.1764538314515568,0.019099404134549393,0.9431084345142076,4.32,1.0,7.142857142857143
-0.1792574831915487,1.163837274758936,fan,4,0.3502547412296116,638.7884931009637,(-2000.0, 0.0),24.716915399203515,23.171682432982216,389.00311193562624,634.8553405867327,0.1935328673093495,0.015187751088434382,1.918982957267894,2.42,0.96,4.166666666666667
0.18783889497689896,1.829995922849029,fan,2,0.017427396950059747,860.9486030013334,(-2000.0, 0.0),26.631651246246992,34.42296786357991,288.7892650172986,430.385418366929,0.19270900559668958,0.007160672734913576,0.3196757027552164,2.56,0.96,4.071428571428571
-0.17437637260437186,1.8006023039014414,fan,4,0.17804453141459597,646.4679435312294,(-2000.0, 0.0),29.330927662739626,21.62759953987169,404.07108017137136,630.9179648251821,0.07646746815068868,0.015678968135934314,0.7104832321207675,4.48,1.0,6.0
0.13074716550239662,0.49226418686657203,fan,4,0.24780228589876274,655.585562071837,(-2000.0, 0.0),27.816564411494184,9.260573066583305,266.2526479319394,737.1398203850135,0.10702683183280243,0.020748913951668897,0.9791577761662593,4.08,1.0,6.0
-0.017671835495030264,1.1772957886097934,fan,2,0.2868175756962574,755.6143649375914,(-2000.0, 0.0),26.810391310262094,12.958144877785882,304.1239716643225,645.958300433357,0.13531401610447044,0.025653369163754127,1.7658657822493327,2.28,0.98,4.2
0.02770061072937882,1.959891498188717,fan,6,0.11444019869685246,606.089872507838,(-2000.0, 0.0),21.35069548339701,14.636941045995817,408.2285135484986,516.8979876479225,0.06833224447403373,0.03421706626925293,0.03727771022789805,5.6,0.98,9.1
0.18582280231471682,1.1518497020697043,fan,6,0.05815401438374841,650.3511421608483,(-2000.0, 0.0),29.80542179962092,10.693940748825451,367.21744566540195,597.5088092794854,0.0971089260921994,0.030986271644154264,0.38016337558575963,5.7,1.0,8.4
-0.12425459161738606,0.9137447120931887,fan,4,0.3727487542117667,705.4761074952957,(-2000.0, 0.0),23.606764358167176,10.159737499162462,269.4229724296392,415.6096669630791,0.19579188712370404,0.007540236430431957,0.10302174089860117,5.7,1.0,8.0
-0.05302474983640102,1.4406195781698767,fan,6,0.38108081618179396,753.1684045027697,(-2000.0, 0.0),25.43137769500058,25.359511518855577,404.7322127766734,730.5480772643848,0.07142272576875804,0.02811580107242074,0.12050623079500511,6.02,1.0,9.666666666666666
0.01585496349380322,0.8673586551607864,fan,4,0.23465494567454073,647.637721363477,(-2000.0, 0.0),26.607868345067438,24.358167887309126,346.0998818377463,517.4632800970327,0.12233218033813738,0.03811412353449188,1.973258300090827,4.94,1.0,8.4
0.07143599297137655,0.4282255226219984,fan,4,0.3036026309521631,827.4202525174298,(-2000.0, 0.0),26.752723720690994,26.915681969259072,280.23380944289585,480.6363596441213,0.07187248050090071,0.029888096506288205,0.0734341848885458,5.16,1.0,8.333333333333334
-0.0875880684457791,1.5161701671965706,fan,4,0.2817132218084097,612.0809708792356,(-2000.0, 0.0),24.234135668226507,29.528520734776066,348.18081139726564,685.5153466342545,0.05447095323622497,0.019397597401562185,0.15946991791046283,4.88,1.0,7.25
-0.04722592739317975,0.7488546313088078,fan,2,0.3357203926056475,674.0712179499114,(-2000.0, 0.0),24.47239200006185,18.729238589047256,265.9047104714401,685.4102380834115,0.0202771087764948,0.029562090764320273,1.7490749409585993,2.46,1.0,3.1538461538461537
0.13924889500263632,1.8873512283466014,fan,4,0.21917263218639915,762.4357746560609,(-2000.0, 0.0),27.777353509137093,3.8121669763079558,422.02549738095416,515.6539045010323,0.13519181916230502,0.018125276364134357,0.8766152411268937,3.6,0.98,6.0
0.030844405898295735,1.6327495495181363,fan,4,0.30451360722777765,833.7843970497087,(-2000.0, 0.0),20.811440197207386,29.583824744015818,417.5532069481356,626.5919143262865,0.10848963232862166,0.03409714951004276,0.4666958260462075,4.1,1.0,6.4
0.0014589110623619119,0.2562433012144234,fan,6,0.1776915989508087,688.1141576363048,(-2000.0, 0.0),21.807314685381424,8.964827981203026,370.96659794888495,718.2371487826017,0.17885996212280472,0.0040422059068080446,0.9439938246811568,6.5,1.0,8.045454545454545
-0.07209822875980824,1.7015845456871264,fan,6,0.2824047023953584,653.7270596946238,(-2000.0, 0.0),28.85675068246698,13.339316983681716,290.66392030025867,415.092933548222,0.12093510954647449,0.014012187071046579,1.2401709885879681,8.18,1.0,11.375
-0.04811485455624749,0.20173631310125972,fan,6,0.10926121233881317,716.4496400433051,(-2000.0, 0.0),25.350632931232983,19.498742992379082,309.8598256979292,606.8712980769968,0.0013931146273241657,0.04661988900378538,0.5418437260206757,8.64,1.0,12.333333333333334
0.07450285421508838,0.7291618902999362,fan,6,0.0798451270850805,757.2453165949157,(-2000.0, 0.0),25.386446993472322,15.093585925521324,338.9390406345329,656.7944884124918,0.055437313603960404,0.033728166609298775,1.3577771632374254,8.52,1.0,11.666666666666666
-0.19306348486741395,1.7294108970601838,fan,2,0.32180271440522007,735.8969155595942,(-2000.0, 0.0),24.481377938167785,22.14360376829913,447.9604822184319,457.04858602791217,0.005951195977515478,0.016205537416648052,0.8585406655161887,1.0,0.8,3.0
0.1038016205626692,0.36491147245483835,fan,4,0.3822686617886259,867.3947029910161,(-2000.0, 0.0),25.46358481809142,33.740518611243,399.607498128325,683.0558273692249,0.1882838877721308,0.02531393748431845,0.49073040948997404,3.48,0.98,6.833333333333333
0.17854425923768613,1.1102295554296848,fan,2,0.08690001399175946,837.600344866025,(-2000.0, 0.0),22.111148680236557,4.1969719495684155,285.84755261894475,627.4170007847813,0.030991720063378247,0.03127111076616903,1.540596223900963,2.24,1.0,3.0
0.1172941027267883,0.43944214645641644,fan,2,0.22009676342366724,618.5118335756325,(-2000.0, 0.0),29.3578315635544,29.405944467373963,319.75806343454605,552.142148989069,0.1957611996983798,0.025308317815773487,0.5149841599701412,1.5,0.88,3.4444444444444446
-0.0738391578060578,0.4864531555385727,fan,4,0.3227721027051332,801.3328600432476,(-2000.0, 0.0),23.610312693389563,15.400094639308048,411.7324266769962,699.7873325571148,0.04649715006081219,0.03630267216808893,0.19050561730567672,4.46,1.0,6.3
-0.13215731587044552,1.9509180914127466,fan,6,0.2764840921453655,767.948116474951,(-2000.0, 0.0),23.748690464335045,4.626124858369183,305.0454635637186,656.204121914815,0.17709803850482053,0.009327513530116738,0.9445759107590532,5.48,1.0,8.0
-0.03156339630695206,0.5218060928261059,fan,4,0.08809185202416803,717.6614967621449,(-2000.0, 0.0),29.608379371315056,20.40971739302688,371.2636948881023,447.9112990589858,0.0675382893242817,0.03393386154751686,0.2905080398488482,4.4,0.96,9.2
0.198553378970676,1.0599378726301303,fan,4,0.0363526970354275,746.3266826282563,(-2000.0, 0.0),21.16952664566394,4.651257416131416,270.7803245580601,710.3279055874892,0.09076689520192445,0.03887883553494192,0.23701978890666497,3.34,1.0,4.217391304347826
0.17790286380650422,1.5092266304525752,fan,6,0.3695958396858882,717.0669847653489,(-2000.0, 0.0),29.763142498892872,29.7841437146687,300.59334690692066,435.36408811213414,0.16710593121464393,0.024518152059718214,0.04474939312726289,4.76,1.0,8.2
0.02299031497347186,0.9345170753032956,fan,4,0.22388051214182575,763.7778528154715,(-2000.0, 0.0),25.07396684808489,10.89700610602932,330.29235071105813,497.45241904623765,0.14610096956630292,0.020576826422571682,1.882425118235277,5.02,1.0,7.625
0.19616633311789977,1.4385527577601682,fan,4,0.37581015344090907,722.6644174039069,(-2000.0, 0.0),29.753414205320514,18.26635179861261,324.08046199555366,682.0964053915694,0.16518165627814008,0.030978836872771556,0.2257849482599028,3.0,1.0,5.0
-0.023545326958886337,0.30876869340669266,fan,4,0.2098043010046196,677.0953597278288,(-2000.0, 0.0),29.35334724680429,10.016934610819765,434.23549404049794,536.5029844767973,0.1536166063175789,0.016375644825750435,1.3967380341362494,4.42,1.0,6.214285714285714
-0.05392139049309397,0.9501488356179608,fan,6,0.24705645348431415,782.7867889876236,(-2000.0, 0.0),26.4556799196322,13.195950314988195,438.3084646253145,479.59266654102544,0.1429648159750613,0.03606055519440354,0.2899629261505028,5.58,1.0,10.0
0.18465939945237442,0.47189390862677505,fan,4,0.26578317170532173,671.9650430742163,(-2000.0, 0.0),23.70307047886867,9.296448497582851,367.62350055960695,788.2806021588099,0.0702758076432856,0.04096632597311147,0.6520218085646805,3.58,1.0,6.0
0.11667306546926688,0.4231581514803704,fan,4,0.23750936056879968,676.6702782089537,(-2000.0, 0.0),29.79892363658495,19.00400416483685,407.8639050711585,581.5693711797113,0.07414363559932305,0.013415645615995848,1.2051975670803232,3.8,1.0,5.0
-0.0891386958367455,1.0161742399931784,fan,6,0.26544214464998594,675.5246311804054,(-2000.0, 0.0),22.149498748036947,22.16439233690877,328.14384434684905,461.0569895681498,0.05101080199079149,0.010533882497609837,0.9906571341615256,8.1,1.0,10.333333333333334
0.07594272972345029,1.2661267823248052,fan,2,0.1956785010811134,777.8843773738364,(-2000.0, 0.0),29.592220526091488,6.650384842391017,448.26680931331737,467.9819271414158,0.06376482420615702,0.02123011726218353,0.7968545226776917,0.6,0.52,1.1538461538461537
-0.08570779219469005,0.5891556927876309,fan,6,0.33227220009958336,764.0871148844949,(-2000.0, 0.0),25.699116400317465,34.24170518955878,260.91078447706747,606.7190024821015,0.08868453417540803,0.0008768616328620471,1.3790876388141329,7.9,1.0,10.4
-0.04429444742503788,1.5277445818562176,fan,4,0.23215041552742371,613.9449748728284,(-2000.0, 0.0),26.53446325240056,36.085210817718384,361.9043813263668,526.0110825835585,0.10998168724895224,0.04518435143378029,1.9655884489288293,4.8,1.0,8.666666666666666
-0.16419579835550513,0.9540844008339584,fan,6,0.29701556841959353,601.4282386691824,(-2000.0, 0.0),26.062330911314046,1.0759744047113973,278.6334308880066,578.2771458367615,0.08099477578825301,0.03672037182477914,1.71253148103611,6.52,1.0,9.428571428571429
-0.15654480348621452,0.32543604393109904,fan,2,0.08641836723763215,678.2995538940556,(-2000.0, 0.0),22.869861620371378,23.30502442470948,329.3654856442878,672.5578791256208,0.09215589650583358,0.034022904495500904,1.618981074119826,2.2,0.98,3.1578947368421053
-0.09012736155781674,0.09393356070077563,fan,4,0.21631605694758976,633.0117662625911,(-2000.0, 0.0),28.44030764462669,12.527165537412156,275.61047319815856,438.4198708450517,0.12017444915177267,0.00257920489218203,1.6378789793634139,5.08,1.0,6.222222222222222
-0.1289712744494835,1.0136750563389354,fan,2,0.3729536767717554,843.0743459296782,(-2000.0, 0.0),29.406863231562735,36.11231160860987,256.8520712999613,419.5864096010756,0.16680347754896993,0.04003677969811589,0.06908840107923431,1.72,0.76,3.0
0.02957576452417379,1.2618850609921979,fan,4,0.345766066432575,855.1727305177394,(-2000.0, 0.0),29.923974278264662,2.8305095564958505,305.01121751248974,726.5900694028852,0.04341310190224821,0.036962624065465854,0.7905046665937696,5.3,1.0,8.428571428571429
-0.0795060966734472,0.30741262659646584,fan,2,0.055519587360479954,653.2741721958531,(-2000.0, 0.0),22.42279774636226,7.303015550134582,314.9032664056199,600.8799174601523,0.0007609894152078578,0.012985014053462945,1.9053265201595315,3.6,1.0,5.0
0.15507637175502698,1.2156981136378748,fan,4,0.06961061225099337,739.1039142376803,(-2000.0, 0.0),26.273862487653336,30.398511822964686,398.87219701669375,687.5810721745919,0.01812621235457943,0.02709312871764983,1.03038330903524,4.68,1.0,7.2
-0.02789785342021758,0.04355834912441492,fan,6,0.35536447641650004,732.6343265770782,(-2000.0, 0.0),20.394774544786433,35.43561568113707,334.74935989551426,735.4733687163862,0.11672820590893165,0.013055752396507353,0.2921916561080653,7.18,1.0,9.454545454545455
-0.17159001961882803,1.4604673878147638,fan,2,0.31323631261482493,675.2064756740257,(-2000.0, 0.0),28.508755184922617,26.25830830465472,284.7623014704292,769.1105106668198,0.008720088948773453,0.049379535928735174,1.2600975754212695,1.64,0.72,3.2142857142857144
-0.16335034952260494,0.5497512692112896,fan,4,0.18400122510302266,800.408786305699,(-2000.0, 0.0),25.57473562601061,39.218298563436186,341.449694161208,447.9668967182762,0.19846177335390713,0.008562764198021816,1.2132140670893332,4.08,1.0,6.1
0.13426057115377993,0.07681603901916034,fan,6,0.12818490310179384,859.0371151251659,(-2000.0, 0.0),23.36852267752241,31.010259337119997,284.58494588559904,588.6651757538447,0.15351470231777276,0.008441834257844583,0.6970319860166392,7.7,1.0,10.6
0.032501351142913436,1.7242302461703942,fan,4,0.12453699604853191,783.4363969420154,(-2000.0, 0.0),23.55756948841484,31.491463742165088,257.57881487448424,632.6354998699728,0.1096947015352485,0.01321605166038823,0.677067754609227,6.16,1.0,9.2
-0.03898313766504394,0.691954415466556,fan,4,0.2775024406886371,715.1996783857629,(-2000.0, 0.0),23.78964529619266,32.05032746274916,284.6583533317779,631.6491515101292,0.18922628725083612,0.0050219293873083,0.8431785704740626,3.6,1.0,5.333333333333333
0.14640200778235712,1.5659504397803323,fan,4,0.27838388591162627,728.5758608303236,(-2000.0, 0.0),22.05147016462302,32.88492866315009,394.0264506905687,625.799372999671,0.009369186565611165,0.04156221004985805,1.5964582032385801,3.58,1.0,5.3125
-0.15990322967492676,0.6384703472157023,fan,2,0.14763866017594976,620.5366357051872,(-2000.0, 0.0),27.27633098599187,1.9680496607023468,394.0425381907767,624.4751842234117,0.1207278012446552,0.03371338304429127,1.2239216530116979,2.38,0.98,4.0
0.16296153160446722,0.5186373385642833,fan,2,0.1835450806838277,766.8511628862623,(-2000.0, 0.0),20.42391875975454,1.7421657542160274,267.6626975254522,706.1372155780227,0.11207170596636021,0.037706829002874864,0.24726856310545164,2.26,0.92,3.130434782608696
0.015554410495236494,0.8563863148325055,fan,4,0.17655252138925484,794.1247658706845,(-2000.0, 0.0),28.8575233257905,5.497872233407519,318.87170584041553,413.8298694812809,0.0090094040953292,0.002511325454807478,1.8627178329056029,6.48,1.0,7.0344827586206895
-0.10072640614380762,0.021967570446757456,fan,4,0.018456724084487376,878.1510352378748,(-2000.0, 0.0),25.135825937822805,29.213666701060355,437.62591589946317,736.0747855308124,0.168962683935671,0.04939832207565942,1.509585293363711,4.34,1.0,6.3
0.08348479023865703,0.9007095435294494,fan,4,0.09455686839392659,784.6170888077629,(-2000.0, 0.0),22.755238216816544,13.50290021505379,394.98379110536905,429.6251567721074,0.19651824562610853,0.023697184296353237,0.35222260134168426,4.12,0.96,8.0
-0.03675629859379272,1.0532070282645642,fan,2,0.18861406502885095,684.9607018999283,(-2000.0, 0.0),20.59680523070958,38.77312622641553,263.9709422157982,631.5305216775646,0.1407550353408534,0.026401260756525876,1.5759177136312459,2.82,0.94,4.166666666666667
0.021714019675220665,1.3216798717779408,fan,6,0.08750592296264444,792.5624183093925,(-2000.0, 0.0),21.40887012253565,27.993644703751634,271.4435351875303,655.8955604647462,0.12293059061670696,0.02457878428371237,0.7261929276802899,8.74,1.0,12.666666666666666
-0.18335346231265343,0.6882190332840443,fan,4,0.3358520390875494,860.0160690993487,(-2000.0, 0.0),28.840503739089172,31.863284124904666,393.89565131460535,799.3004889957348,0.1166989654231377,0.039317462248631176,1.8777950847929332,3.1,0.98,5.333333333333333
0.13384776104206858,0.8195990415480863,fan,4,0.12486411455611922,657.8356108439693,(-2000.0, 0.0),24.319580445795346,14.053869723533264,280.8572576620293,408.79613525179974,0.12704502316923535,0.041636552784090675,0.8455856985379779,4.88,1.0,7.214285714285714
-0.06709580470545418,0.2381968942799837,fan,6,0.3231208493537414,622.4475026142584,(-2000.0, 0.0),27.303071129891812,21.793934204431096,327.9208894976975,487.4225646725254,0.008825074035157799,0.017796654090348363,1.934185712030076,7.96,1.0,11.375
0.059955809370184104,0.8612494822675549,fan,6,0.2175254244491115,622.0773423239617,(-2000.0, 0.0),23.70769466798383,34.390202326240676,321.9408712350921,501.4896460239444,0.1724256848944274,0.007347690563168569,1.730195301488368,7.12,1.0,9.307692307692308
-0.08088506674063063,1.1351120250488778,fan,2,0.2463881031480845,730.5962851300998,(-2000.0, 0.0),28.11777672117243,12.158175624402467,389.7658710379915,783.8076120259448,0.19063478449206442,0.02908438961843429,0.18259211031742018,1.98,0.88,3.2941176470588234
-0.0024045481922168044,1.023451601178788,fan,4,0.26957437700007564,805.4497457254856,(-2000.0, 0.0),25.160785058960595,20.18838675984504,275.7789744184714,639.3908376314546,0.12977926130888678,0.010945221139897944,0.88097341421126,7.04,1.0,9.166666666666666
0.0658472462253283,0.47001290459627043,fan,6,0.04854384420478746,826.4966696152334,(-2000.0, 0.0),22.75309919304227,28.38426647888321,442.74107585333604,549.2853832664098,0.006463511721705096,0.0474565897223104,0.5918804427202327,6.86,1.0,10.857142857142858
-0.1980029179588605,0.7924293080798364,fan,6,0.17841757416053478,751.6018499499442,(-2000.0, 0.0),23.970503528778007,4.621298592135696,432.4371693930023,672.2612240387708,0.07402531318078623,0.04670617231402035,0.8775130614531204,5.2,1.0,7.181818181818182
-0.00022820763404447498,0.1673090498266101,fan,6,0.20859303850379282,663.7869599319141,(-2000.0, 0.0),23.201103246521633,0.23020148426458054,440.5133166002103,498.43090353707487,0.12344169163789476,0.031286747589171056,1.0006921933027626,5.56,1.0,9.6
-0.06808000143131535,0.7386654745989849,fan,2,0.28721198599770753,872.787726845215,(-2000.0, 0.0),25.778648869410365,25.415899475682853,271.5131325547038,521.8243313579312,0.1944200536291929,0.005309769656650099,0.483881146747827,2.42,1.0,3.1538461538461537
-0.026534902233421278,0.2423409088112618,fan,2,0.34604788534788744,684.979452257784,(-2000.0, 0.0),22.58582648292521,33.98807128196554,351.6077036141468,688.8140029271132,0.036781919604750635,0.02475125824988368,1.5771985105678519,2.14,0.98,3.0
-0.19722352795592046,1.9767711614423833,fan,2,0.2926405222128643,846.6213962461084,(-2000.0, 0.0),22.301944066111833,18.94938730293127,418.27270140210607,458.5759034729969,0.15085194395962087,0.014008418256886047,0.41749815355577113,1.42,0.7,3.1
0.017767408936507103,0.22020021272687118,fan,2,0.1089660085064939,687.9386256258505,(-2000.0, 0.0),22.960936461217905,23.06490870471719,283.8563122473462,512.1013094387172,0.009517944573085746,0.01383768665594362,0.09251150481523673,4.04,1.0,6.0
-0.12842234707553515,0.6491112223613618,fan,2,0.0315325695114911,894.1352177541937,(-2000.0, 0.0),25.858385770698273,1.1056769975054292,433.70687890204437,493.98764795318937,0.15062294127977943,0.017811009722635867,0.2677476865569015,2.34,0.96,4.166666666666667
0.023078925210708024,0.006982082005880352,fan,4,0.3177750248154228,657.1994696539317,(-2000.0, 0.0),27.714318390159796,39.701461891805906,422.605298620393,648.2529025862732,0.08328648222983609,0.007289672351172977,1.3383088193425428,4.4,1.0,6.111111111111111
-0.11951361047508652,0.16705810770530682,fan,4,0.15672636159468067,706.9297557909654,(-2000.0, 0.0),29.681252704806575,14.167544344568919,411.2976592166069,428.36617863060457,0.18663510578158768,0.0463523793665635,0.4724027425496222,3.66,0.94,6.555555555555555
0.08538402816659248,0.30166356175127906,fan,2,0.26264508360775773,783.847549724351,(-2000.0, 0.0),23.136448301590878,8.600124148590464,332.8152888637043,462.8520391213818,0.19054746958210111,0.006685507854240225,0.8223431245052899,3.56,1.0,5.0
0.06782570589757567,0.4424805197260484,fan,2,0.17491670679075397,667.4528561652403,(-2000.0, 0.0),27.581530185536458,13.406546459683245,371.60390760406165,698.2820179812228,0.015256556533267008,0.0005980325392661856,1.8979329677030747,1.8,1.0,2.0
0.09513623289593381,0.19377497396350818,fan,2,0.26964096732631576,782.3618477101043,(-2000.0, 0.0),29.130757487492517,21.745439414374555,338.2291736640113,696.5183461618293,0.14262514912719942,0.025400980305492184,0.647388129857934,1.66,0.84,3.272727272727273
-0.07006673104993642,1.7432426806293093,fan,2,0.12346129647190614,785.8739826495142,(-2000.0, 0.0),21.44747674971271,12.169711872266728,429.97668615848636,510.8845607630756,0.1565323581751035,0.031148542080867755,0.4399640568422869,1.0,0.66,3.4
-0.18747078403288078,0.11355041913810648,fan,6,0.24392292349770847,855.665584122422,(-2000.0, 0.0),26.186662518182498,21.696199173180325,294.6565140177905,450.37299782048257,0.10523479366855011,0.02695251590612932,1.4344004591804003,5.76,1.0,8.333333333333334
0.008995511769439357,0.7287163363784024,fan,2,0.01190458930124656,661.1967840014361,(-2000.0, 0.0),29.904097045150305,4.197768108006179,369.40164593174205,604.8917641465889,0.04532658704295833,0.031168971927066816,0.9967345856301251,0.82,0.46,3.0
0.00786222319303751,0.03984688381897383,fan,6,0.06970197582275413,714.2247624587362,(-2000.0, 0.0),22.2026966665556,31.158550615116283,439.3537509100881,492.7195505654928,0.16672222077844118,0.030913698171426186,1.6669582188732601,2.5,0.78,5.888888888888889
-0.05079031286614169,0.7027275648173392,fan,4,0.11143720104801731,794.0847498918571,(-2000.0, 0.0),20.993352638114168,17.26794969352975,348.51978388014396,410.3025585323713,0.15149204260850413,0.04665664563043219,1.0756859482483994,3.88,0.98,7.833333333333333
-0.1282958845239419,0.19123820846380046,fan,4,0.06407794275527104,756.6230396982808,(-2000.0, 0.0),21.94066232828829,22.39549403924444,272.6826452313381,525.5607044820234,0.10277323711491503,0.020102667373291,0.7104360036911523,5.08,1.0,7.5
-0.046069118553619996,0.755747363360237,fan,6,0.09914283028877341,839.6761393458788,(-2000.0, 0.0),23.997492446682084,1.0667438269478513,335.3522937214333,675.4603194841054,0.006551856417053892,0.04849074919075977,0.25746483494168837,8.14,1.0,12.285714285714286
-0.16041807925119472,1.4721609156558098,fan,6,0.36778750864922216,818.6350362978324,(-2000.0, 0.0),28.243231909107926,5.055286240865593,260.49035594367405,669.5947763520743,0.015678178950143475,0.015360399566302353,0.2657160992322447,7.22,1.0,10.2
0.15513447249530876,1.8247252801147689,fan,6,0.3770579145352267,649.8789313314707,(-2000.0, 0.0),23.55490668278501,3.544184828759187,313.26248348896786,783.2545530707359,0.08018881682507036,0.0032373239731342154,1.0596713225122776,6.7,1.0,8.0625
-0.18577523619417372,1.8247810380712421,fan,2,0.10509831598469505,605.5794983896311,(-2000.0, 0.0),22.123304031883176,37.61299390668044,419.57358915912306,467.162931845937,0.055020880086352975,0.037269962855697364,0.015261191602457647,2.2,1.0,4.1
-0.023021202288843235,1.8465394791850027,fan,4,0.003438060643637808,803.3000655449557,(-2000.0, 0.0),22.111306812513078,8.648276756490759,445.3802754640886,436.6328196100672,0.004948859150135987,0.008161279487235652,0.8060343848696045,0.04,0.04,0.04
0.13297251969633833,1.7657541773108743,fan,6,0.11866512005722818,684.5223124600928,(-2000.0, 0.0),20.59390665451781,18.590699328538772,392.9817727006223,719.402839437415,0.18050138817590963,0.03193835805885406,0.8312566729850392,7.08,1.0,10.5
0.008927473719889934,1.7707003749799262,fan,4,0.004297525107442146,822.2367730008137,(-2000.0, 0.0),27.092055349765022,2.2994345942237215,409.1271821304608,540.732322597251,0.1469071601067776,0.047336778980463255,0.6807898292397592,2.56,0.82,5.636363636363637
-0.16945092352497843,1.5832420475752091,fan,2,0.2347511948535428,890.8737866654129,(-2000.0, 0.0),28.18569344499513,21.247848153508468,427.838735881308,485.16778422037044,0.11097092995846392,0.042302967516065104,1.1897117968202062,1.56,0.86,3.3
0.15963730956056932,1.5069678983999995,fan,4,0.3103534613837533,683.5404747874921,(-2000.0, 0.0),25.548121198960477,28.22244081622968,435.8703693687544,518.5325243072853,0.0019737459195162013,0.04051028147398772,1.1531154368485976,3.34,1.0,5.625
-0.020775528943302923,0.5822269806049618,fan,4,0.15116688084115404,714.5422473073464,(-2000.0, 0.0),20.422155050985545,34.69068056845457,322.51181943279914,425.7396488988154,0.11432795843182958,0.03835831550239961,0.2874118089096569,5.16,1.0,8.428571428571429
0.11024011295190146,1.0368250481967833,fan,6,0.3155971390249381,784.6022967288791,(-2000.0, 0.0),27.776197080251517,2.1659158849697135,406.8027465332483,731.3548854927704,0.032117253699327476,0.04204944504904387,1.5693060832481562,5.3,1.0,8.6
0.0994208462360652,1.856253953622257,fan,4,0.39472885506881483,885.8724551038887,(-2000.0, 0.0),26.749333809287975,22.230974434773575,251.00618666529516,440.017340869211,0.10779891030033083,0.021584994545144433,0.4997620923584971,4.5,1.0,6.266666666666667
-0.10493581097013865,0.003490135937827432,fan,4,0.38872498518496407,854.1823938170498,(-2000.0, 0.0),27.09546543633258,15.491143767250254,328.5907389606813,696.6001984088715,0.12236087465812927,0.04471269144456627,1.8092732727150214,4.22,1.0,7.0
0.04717640613774976,0.891431389051851,fan,2,0.38408409441268415,757.8036942636791,(-2000.0, 0.0),22.29661566657201,30.636550034788964,393.25173478025124,585.0674434702094,0.011186541323063204,0.01393685341557523,1.7154866485423195,1.82,0.98,3.0
-0.18873288826961604,0.2606242136407577,fan,6,0.008958042344920125,624.138541444651,(-2000.0, 0.0),26.757607879250013,25.821144614073063,357.3975471796708,504.5190879825469,0.16816451886841863,0.025859909836792472,0.7620734626827075,6.02,1.0,9.125
-0.16785278270761142,1.0149872701804397,fan,4,0.38190048474418337,622.0078790528434,(-2000.0, 0.0),27.22805246022157,38.105938594839024,311.24919906927005,697.9456594827861,0.004170580912217514,0.017619093574198365,1.5313500883636921,3.4,1.0,5.222222222222222
0.16634039084848845,1.7413142478644972,fan,6,0.37470663544971183,727.1670877094479,(-2000.0, 0.0),26.786204288311982,20.078478283599743,337.9454721775663,518.4818752515189,0.0687938363109477,0.003365756774239509,1.7950386883904579,4.9,0.98,6.083333333333333
-0.09835622775455222,1.905546594767396,fan,2,0.3145541261579703,684.3354625601256,(-2000.0, 0.0),22.992099601792084,39.721712195013254,335.35852062427557,732.8815553171356,0.10541880246485243,0.039161540841346994,1.3686686174882028,1.86,0.92,3.2857142857142856
0.046892201901114476,1.1241883347464359,fan,2,0.08857482575876739,609.5769587462543,(-2000.0, 0.0),23.166169098733626,31.833947327395393,258.31096984843754,587.4186175658299,0.003573665627802947,0.01885528061792753,0.30633492110257454,2.8,1.0,5.2
0.055837743659763156,1.0104706637140868,fan,2,0.10589607652036692,851.6841749302858,(-2000.0, 0.0),27.305162009516167,19.58623968010341,409.889897133208,477.62769583823444,0.1819056816215776,0.01638087815596123,0.8103020312856615,1.36,0.82,2.1739130434782608
0.05496334332535829,0.8459143971993919,fan,6,0.09296191264258576,894.595235957625,(-2000.0, 0.0),25.044208278941007,1.294402224122373,337.7808485638388,401.8488531934381,0.024914387534177764,0.005030048606980609,1.2166060980493265,8.86,1.0,10.2
0.1806290937942503,1.948376974011505,fan,2,0.31883003531394494,714.9472795803036,(-2000.0, 0.0),27.242532058417314,12.441868851948982,269.85671357499245,406.37910316037227,0.11006256638274779,0.016903990509046174,0.5748755021739251,1.0,0.46,3.0
-0.1753313040130436,1.5434066770627604,fan,6,0.3218143873440038,837.5114104822934,(-2000.0, 0.0),25.585930195316298,23.023596500451553,383.7095113067481,777.9100741787852,0.11072724287094722,0.04192029525865559,0.03188263046151407,4.9,0.98,8.333333333333334
0.19788417807680078,0.2944683644567845,fan,6,0.25200981215699286,863.8529447126357,(-2000.0, 0.0),26.355716805596348,7.366671124397652,338.3905276146539,468.8479845084593,0.02493473772074737,0.01645483571293015,1.4545404612074952,6.62,1.0,8.133333333333333
0.14825651425843298,1.326640383032897,fan,4,0.26870365452737155,899.3433279697205,(-2000.0, 0.0),22.852466296904975,17.313303508101328,287.29327504436503,640.3839781937354,0.13820135600697875,0.011269456634494052,1.97293329496124,3.0,1.0,5.142857142857143
-0.040136976557468264,0.34886056661620257,fan,4,0.05637918824792374,760.1124851320808,(-2000.0, 0.0),24.04411977986107,22.26143051711446,442.8692335690793,653.2484698941682,0.05567785263628236,0.049073786951994075,0.7518457933738036,3.4,0.98,6.4
0.03859324711337782,1.2533710659020458,fan,6,0.05424545176376605,808.0589759893161,(-2000.0, 0.0),21.187115912791647,20.539128469375495,288.5746678142734,785.6074048303957,0.1878280418209065,8.23436991524984e-05,1.5009748581907758,7.74,0.98,11.666666666666666
-0.02884585579447374,0.12931626482295178,fan,4,0.3025671255478236,643.5603505916587,(-2000.0, 0.0),20.780282527999873,34.9512389171739,276.5852166497159,703.9591862490657,0.051580984310100365,0.03966629963982918,1.5286740968294144,5.76,1.0,7.333333333333333
-0.05734811821293615,0.3312513647375863,fan,2,0.03897608363150473,794.2347914117518,(-2000.0, 0.0),22.85863214148368,11.094282937843506,326.4780511709221,516.827261631451,0.11041898882351334,0.0004938224477825493,0.8393158768120519,3.64,0.98,5.0
0.15880423361550255,1.5749166540798833,fan,6,0.14234794867882128,665.2748204373592,(-2000.0, 0.0),29.057703054732745,8.113944129762318,389.7319597905385,719.6426609551929,0.07153433332070162,0.030587400204598693,0.1427390547097449,6.84,1.0,8.357142857142858
0.17048185366567445,0.32071586354854853,fan,2,0.3122292049347347,805.8780405140685,(-2000.0, 0.0),21.460769090847666,21.61191924137558,291.7361361711706,445.28605668643473,0.08039758529792163,0.03118914892016078,1.5181026649059879,1.1,0.46,3.0
0.1562326269692571,0.3045838467917168,fan,4,0.022885935752104694,634.1061856031774,(-2000.0, 0.0),27.00095766771148,18.23143469401478,300.01455102919465,649.100228976431,0.04800930835368056,0.025727636530947885,0.6034528608353384,4.78,1.0,6.416666666666667
0.13613801105381593,0.8922775038844091,fan,4,0.3762074877325732,866.3990945574684,(-2000.0, 0.0),26.720980977502578,27.049727059701397,268.7253633908425,795.6336359506743,0.10337334743826439,0.028664875702877565,1.6868937949379073,4.16,0.98,6.5
-0.024453527883547113,1.0893157033062517,fan,4,0.18127405100510316,822.2272045043362,(-2000.0, 0.0),20.10940772938732,20.074202516272138,443.24503685525065,529.152173575904,0.13401347347979417,0.044659381320855146,1.9774978164255246,3.4,0.94,7.6
0.15411726146609972,1.1366476481887717,fan,6,0.140969025527049,708.1048013292145,(-2000.0, 0.0),24.341591489591742,34.75445907154826,291.08226379699823,474.5426544081347,0.18917922941216564,0.022128771122826036,0.8192456082094413,7.46,1.0,10.666666666666666
0.07503878925508328,1.7034745763747448,fan,4,0.10614885153882461,892.2165116188592,(-2000.0, 0.0),26.24066167716258,10.443744448305981,341.09058487890576,780.3902803110234,0.004592456242865905,0.042938204768858346,0.6710867891408627,5.58,1.0,8.4
0.04703628444718544,1.7777784261857081,fan,6,0.1655595537756569,847.6097526654713,(-2000.0, 0.0),25.054507234373776,1.7891320762088814,413.49047659882166,657.7278395812363,0.13530554985881915,0.013836909196201808,1.7834546124818442,4.88,1.0,7.125
0.045117367033518097,0.9323057909146368,fan,2,0.008209985339215154,850.9969519260329,(-2000.0, 0.0),21.481152974916803,37.92810086982905,307.0707048177866,681.6296883916326,0.1934620192795486,0.0032286875930227334,0.09356587009899076,3.76,0.96,6.0
-0.023246757077621097,0.8482221242122441,fan,4,0.21780279241448822,627.3457457913664,(-2000.0, 0.0),26.74485810795142,25.446340134754127,269.0039143308535,492.25683046267534,0.13311156184972867,0.02512689231995195,1.9169924984884437,5.98,1.0,8.23076923076923
0.18565797523810001,0.15389175857404247,fan,6,0.16179863288550284,770.579311183223,(-2000.0, 0.0),26.707682312927837,20.50756120023408,441.66171812562817,444.61691906343844,0.019055624089099134,0.011722723561199294,1.010078097966513,6.24,1.0,8.285714285714286
0.0253943114299529,0.3556217540854365,fan,2,0.16247257163818996,867.4221994471659,(-2000.0, 0.0),23.59064907491046,11.622555898059272,320.09414153343096,634.338658685044,0.15227447203309777,0.013284535023187834,1.2713677579227238,3.32,0.98,4.153846153846154
-0.12711286696309276,0.39281890574203526,fan,6,0.013471628484114007,710.4633684688259,(-2000.0, 0.0),23.730772779992435,35.78696469942613,316.5124145624878,407.96075664484493,0.006117047162590628,0.01070818269940485,1.0990236641049282,4.28,0.92,9.4
0.11063907373680384,0.87303446119785,fan,4,0.20546692427597546,652.1272908743922,(-2000.0, 0.0),22.920999342510896,7.991170786777895,269.6623150530969,479.8359384007307,0.16257047341921355,0.02629207279914055,0.6435417597924404,4.72,0.98,7.777777777777778
-0.10387834102693186,0.1527521725605019,fan,6,0.20340525283151734,817.3597271284207,(-2000.0, 0.0),28.83370618357801,39.15119946426833,391.1626418965043,687.9078678078475,0.10335675204590054,0.0064876941783313215,0.09055841180329871,5.4,1.0,8.2
-0.03946799240230763,0.8798600929090914,fan,4,0.3643384894297996,828.5377526041004,(-2000.0, 0.0),25.83924784464712,15.035581825787325,399.03266498681745,702.9573995746724,0.15886871410627057,0.025918566502124252,1.3941146041110168,3.44,1.0,5.2
-0.047598668026047224,0.014134134719580693,fan,6,0.3194006560616455,675.8817391854781,(-2000.0, 0.0),25.751283322763733,15.214523664048635,257.7663950114691,489.96781595504467,0.023413319182473625,0.011959168410124177,1.2245993878730073,9.46,1.0,12.2
-0.05531812359116342,0.3656529384495042,fan,6,0.0265264395870783,897.0933021263904,(-2000.0, 0.0),21.041303145033154,1.8644094388758647,268.5633054421643,793.6129330482975,0.1495112222225041,0.04581323124993883,1.4043929127379864,9.4,1.0,13.9
-0.13253312463183628,0.2648542808408745,fan,2,0.24264350005466775,836.2763529374417,(-2000.0, 0.0),21.402780608737068,4.603196096545434,446.48138386406197,737.1634895210628,0.14186105404815547,0.02550696407608562,1.6342489077297981,0.7,0.6,1.1666666666666667
0.04737340648184616,0.8492543793868879,fan,4,0.3475270012408655,881.6392752798653,(-2000.0, 0.0),28.02663866938437,2.7700789335673814,404.94331349341286,611.7855760052308,0.020727653415017123,0.002968897286745942,1.2019406893511424,3.86,1.0,4.0
0.17237011953658454,0.4403138564201683,fan,2,0.23728724748374708,892.5118398589861,(-2000.0, 0.0),28.869040624739597,13.935908049121114,357.4828940704186,470.85738441126915,0.0057261557519681094,0.028700569848140206,1.1065236296143097,2.34,0.92,4.0
-0.07703041861266438,1.2480891541665686,fan,2,0.14270979542568293,705.7694893119591,(-2000.0, 0.0),23.67479151868781,11.922426068301446,384.25081946763265,711.1744676790603,0.11979598452780134,0.010227814798190333,0.9712049882615721,1.34,0.9,2.0
-0.05383827670818922,0.8533990370769562,fan,2,0.044949608083889904,856.0225622001162,(-2000.0, 0.0),23.94617654957616,6.890118490995207,328.1233625586421,724.0069776351236,0.11948143501517128,0.0066169908162831475,1.5194399733735466,2.68,0.94,4.066666666666666
0.13929831078492066,1.4016335430374727,fan,2,0.09107773871466929,653.737261426693,(-2000.0, 0.0),27.09111099707602,28.53938946804504,368.11389449731894,401.7583667907312,0.16790798726632733,0.019277952464214126,0.20427835766836533,2.58,0.92,4.166666666666667
-0.15579133302466427,0.42648223867785395,fan,4,0.19825793781262285,703.2043480156417,(-2000.0, 0.0),24.62820015935773,12.210275074929658,263.09495252025823,635.6479731808629,0.18931957232940522,0.04282460504030515,0.1074272707034909,4.54,1.0,7.333333333333333
0.02055974397513585,0.9804926224751438,fan,6,0.24638354720245045,792.380374852433,(-2000.0, 0.0),23.53074371964369,11.214038890733132,311.5267810712155,610.9970332414792,0.11490391357570595,0.004981913108826641,0.26320353304065125,7.62,1.0,9.272727272727273
-0.19612096150955616,1.1271246292989885,fan,2,0.3902657141348761,898.128965071743,(-2000.0, 0.0),26.72112403072873,14.204037224905308,441.5446009998608,496.81594444300816,0.1051990404570111,0.02916859733101403,0.7738394383866456,0.46,0.42,1.0952380952380953
-0.12299472706165462,0.7908870499205651,fan,4,0.18009835651342365,735.9761280294108,(-2000.0, 0.0),21.032893237713896,35.39023610028976,289.49488345200774,538.126514316958,0.13436724914604165,0.015357445151419753,1.0812177976941213,4.5,1.0,7.4
0.13448293389503832,0.3998061264382211,fan,4,0.03652706282142289,713.4901350236338,(-2000.0, 0.0),23.2981706142989,34.111693712754885,437.023302199618,696.5352296089477,0.1822529798155356,0.003322259831998709,1.7870388023338981,3.6,1.0,5.2727272727272725
