profile_id,name,belief_score,u_pos_x,u_pos_y,estimated_range_m,estimated_bearing_rad,estimated_convoy_heading_rad,estimated_convoy_speed_mps,estimated_contact_count,estimated_formation_width_m,estimated_formation_depth_m,estimated_contact_density_per_km2,estimated_aspect_rad,projected_target_span_m,bearing_alignment_error_rad,range_score,bearing_alignment_score,aspect_score,formation_span_score,contact_density_score,spread_score,contact_score,inside_score,uncertainty_score,spawn_region,approach_side,inside_convoy_envelope,spread_rad,launch_delay_s,salvo_interval_s,u_boat_initial_speed_mps,candidate_source_label,selector_method,belief_rank,full_state_rank,attacker_score,expected_loss,expected_hits,expected_unique_ships_hit,value_lost,in_full_state_top_k,in_belief_top_k
VAE000009,vae_candidate_000009,1.0316393580370653,154.15969848632812,-2216.0,2276.6405460976516,1.6533994252923525,-0.008811002389484955,5.085192137321598,42,8130.311153013718,2342.3165996614453,2.2054465022576535,1.4793822259079559,3074.7269694270803,0.09355192258783007,0.9971274691983739,0.9978136047471226,0.9958246399243442,1.0,0.2756808127822067,0.8158204347690111,1.0,1.0,0.07655530673405253,inside_convoy_envelope,inside,True,0.04789381101727486,2.2761316299438477,2.054655075073242,1.5838927030563354,vae_candidate_pool_v1,belief_limited_heuristic_v1,1,70,2.935,2.935,3.6333333333333337,1.1666666666666667,1.275,False,True
VAE000012,vae_candidate_000012,1.027993838102998,-72.92568969726562,2110.332763671875,2109.7728825791582,-1.5702208947917302,0.033185584424671705,4.795856455079574,42,8340.274234622213,2559.510838351431,1.9674875218202452,-1.5381861743733911,2830.0794509230514,0.391773267562642,0.9842032664190714,0.9621167151243801,0.9994683360972877,1.0,0.24593594022753065,0.9126791355460544,1.0,1.0,0.07503132259505355,inside_convoy_envelope,inside,True,0.060887888073921204,0.7731173634529114,1.5156934261322021,1.7997565269470215,vae_candidate_pool_v1,belief_limited_heuristic_v1,2,41,4.25,4.25,3.0,2.0,2.0499999999999994,False,True
VAE000119,vae_candidate_000119,1.0173452730172423,-348.427734375,-1952.29296875,2021.8119721490352,1.3617625165189802,0.01114123009767502,4.491223529636603,42,8193.386655029835,2338.9623895695504,2.1916066108577446,1.7909713671684886,4071.9373093877107,0.22865214312277504,0.9733251442162448,0.9869863957733531,0.9758592353857221,1.0,0.27395082635721807,0.8153971283666647,1.0,1.0,0.0787198028176087,inside_convoy_envelope,inside,True,0.04784364998340607,1.6835683584213257,2.4629642963409424,1.365951657295227,vae_candidate_pool_v1,belief_limited_heuristic_v1,3,96,2.109999999999999,2.109999999999999,1.3,1.0,1.0500000000000005,False,True
VAE000126,vae_candidate_000126,1.014956933350706,10.926025390625,-1917.53662109375,1832.3615814287396,1.5308736952438275,0.039410251306965634,4.573926142643169,42,8238.455414584063,2290.9477157964916,2.2252987137381806,1.6501292096529314,2936.6372802309916,0.10510040535600673,0.9409080111928918,0.99724101726728,0.9968547969499671,1.0,0.27816233921727257,0.823247167950639,1.0,1.0,0.08153011646601495,inside_convoy_envelope,inside,True,0.04878019168972969,1.5761173963546753,2.478102922439575,1.1480867862701416,vae_candidate_pool_v1,belief_limited_heuristic_v1,4,75,2.700000000000001,2.700000000000001,4.0,1.0,1.1000000000000003,False,True
VAE000123,vae_candidate_000123,1.007707600896832,-420.31610107421875,-1652.5194091796875,1836.7583941556395,1.3396388091148155,-0.016616389416340097,5.180990575833806,42,8270.650856734059,2392.409411796703,2.1226290349117227,1.7853374550586383,4098.375604805359,0.29588538099452744,0.9417928213837378,0.9782721758993277,0.9770741904506068,1.0,0.26532862936396534,0.8392898558502558,1.0,1.0,0.08005696424311004,inside_convoy_envelope,inside,True,0.05073951557278633,1.825866937637329,2.529836654663086,1.096497654914856,vae_candidate_pool_v1,belief_limited_heuristic_v1,5,66,3.186666666666667,3.186666666666667,2.7,1.4666666666666666,1.4733333333333334,False,True
VAE000098,vae_candidate_000098,1.0019444287997274,-207.56365966796875,-3097.954833984375,3063.6087163781704,1.5322884338840006,-0.034027367456127444,4.5038295433487985,42,8384.258858755149,2558.0561593639377,1.9582788673016374,1.5752768522496654,2595.5962423258884,0.4025877249503418,0.9201238662220126,0.9600251018544889,0.9999899624626166,0.9983062470484186,0.24478485841270467,0.8430604568942438,1.0,1.0,0.06981941558615706,inside_convoy_envelope,inside,True,0.05120982229709625,1.7109768390655518,2.007589101791382,1.8175441026687622,vae_candidate_pool_v1,belief_limited_heuristic_v1,6,53,4.040000000000002,4.040000000000002,4.0,1.8,1.8,False,True
VAE000089,vae_candidate_000089,0.9703760285215317,1269.6495361328125,2517.448486328125,2691.9904526664063,-2.011583987488862,-0.06593234627510527,4.726424603948055,42,8179.657525304493,2256.0450859208754,2.2759692771050632,-1.1959410123760363,5094.269265234129,0.3360096918001911,0.9840122779339484,0.9720389363757823,0.9305606065262709,1.0,0.2844961596381329,0.9316217922559102,1.0,0.0,0.07557664976900168,ahead_vae,ahead,False,0.06404171884059906,2.364844799041748,1.9715983867645264,1.523587942123413,vae_candidate_pool_v1,belief_limited_heuristic_v1,7,29,4.38,4.38,4.0,1.9333333333333331,2.0333333333333337,False,True
VAE000054,vae_candidate_000054,0.9635612262609523,-1082.787109375,3302.58447265625,3424.97152989654,-1.2192590536760124,-0.032879725805480556,5.041833526604308,42,8364.413723947295,2451.511538610787,2.0482352817463125,-1.9552133257192612,5409.405393789799,0.4466809318943858,0.8198820197501319,0.9509429100896578,0.927017226536597,1.0,0.25602941021828907,0.9219294519740948,1.0,1.0,0.07024645468096731,inside_convoy_envelope,inside,True,0.06238609552383423,1.4538944959640503,1.4983463287353516,1.4939913749694824,vae_candidate_pool_v1,belief_limited_heuristic_v1,8,51,4.053333333333333,4.053333333333333,3.8666666666666663,1.7666666666666666,1.8666666666666671,False,True
VAE000111,vae_candidate_000111,0.9585784393637566,-464.63702392578125,-3562.217041015625,3700.22303382891,1.4605563745529895,0.04909096553323389,5.615647813269957,42,8183.820348303054,2491.3213727139805,2.0599821134201197,1.7301272445700369,3758.1910274790007,0.35191706582331755,0.7264538450934755,0.9693568147096157,0.9873336593712997,1.0,0.25749776417751497,0.9833949793806855,1.0,1.0,0.06918690575262786,inside_convoy_envelope,inside,True,0.07597415894269943,2.0301673412323,2.520099639892578,1.2213010787963867,vae_candidate_pool_v1,belief_limited_heuristic_v1,9,23,4.78,4.78,3.9,2.1666666666666665,2.2666666666666666,True,True
VAE000063,vae_candidate_000063,0.9515210063615057,-1379.863525390625,-1766.9124755859375,2261.456329511831,0.8970341235168567,-0.014482557676608089,5.0571259140101015,42,8201.212332457944,2467.461360793669,2.075491092094508,2.230075972396328,6973.99766680771,0.19514525209163283,0.9963781534745669,0.9905097571030146,0.7904336879127164,1.0,0.2594363865118135,0.9516182509410662,1.0,0.0,0.07493507305905804,astern_vae,astern,False,0.06783299893140793,1.3798717260360718,1.5104798078536987,1.2212483882904053,vae_candidate_pool_v1,belief_limited_heuristic_v1,10,76,2.650000000000001,2.650000000000001,4.0,1.0,1.0500000000000005,False,True
VAE000002,vae_candidate_000002,0.9471570964694966,-1002.3169555664062,-1006.7489013671875,1471.2189637525476,0.788905035478639,-0.008511346548958899,5.182143348341745,42,8347.802298093762,2362.711514910324,2.1294450489960766,2.344176271562196,7522.068948429407,0.1329879127464035,0.8495326965899264,0.9955850663210666,0.7155536747223392,1.0,0.26618063112450957,0.9999746707016017,1.0,1.0,0.08677475105734299,inside_convoy_envelope,inside,True,0.08682726323604584,1.1583058834075928,1.525468349456787,1.696027159690857,vae_candidate_pool_v1,belief_limited_heuristic_v1,11,86,2.4000000000000004,2.4000000000000004,3.0,1.0,1.0,False,True
VAE000075,vae_candidate_000075,0.9448621412090039,-683.4225463867188,3646.8251953125,3682.164186600501,-1.3566453601069564,0.02112730039308688,5.347064772250281,42,8241.357144046555,2169.64544511787,2.348885172983251,-1.7638199930897498,3710.2694365550997,0.3736814909256456,0.7328863399720834,0.965494873298888,0.9814287007003332,1.0,0.29361064662290637,0.8380913437456695,1.0,1.0,0.07435257302081368,inside_convoy_envelope,inside,True,0.05059085041284561,0.9842685461044312,1.9848060607910156,1.9478120803833008,vae_candidate_pool_v1,belief_limited_heuristic_v1,12,43,4.243333333333333,4.243333333333333,2.966666666666667,2.0,2.0499999999999994,False,True
VAE000072,vae_candidate_000072,0.9232561809484726,-1515.099365234375,3188.36865234375,3448.2315702930664,-1.1355385413526287,0.022492779194621077,5.194393742960255,42,8386.48391084038,2684.456092711444,1.865576520684831,-1.9835613330425432,5823.187211937559,0.26319222299723377,0.8124420695432206,0.9827821985933283,0.9160151611276064,1.0,0.23319706508560387,0.990594503215007,1.0,0.0,0.06729550242751874,astern_vae,astern,False,0.09574973583221436,2.129211187362671,2.403029441833496,1.7425429821014404,vae_candidate_pool_v1,belief_limited_heuristic_v1,13,42,4.25,4.25,3.0,2.0,2.0499999999999994,False,True
VAE000042,vae_candidate_000042,0.9193507278940714,1772.729736328125,-1547.126953125,2204.5283749651085,2.4195117493917517,0.04741898114347459,5.334321623309186,42,8275.642007440303,2362.570978274161,2.1481407324496713,0.7694998853415156,7587.872549632111,0.5456333884877258,0.9928031196004896,0.9273993796108684,0.6957761139361522,1.0,0.2685175915562089,0.9859347424321498,1.0,0.0,0.07676419664699032,ahead_vae,ahead,False,0.07688024640083313,1.9885461330413818,2.561375617980957,1.05259370803833,vae_candidate_pool_v1,belief_limited_heuristic_v1,14,93,2.2400000000000007,2.2400000000000007,2.2,1.0,1.0,False,True
VAE000070,vae_candidate_000070,0.9182104580616947,1997.186767578125,1788.1300048828125,2666.504461392881,-2.3908582415539223,0.024681205282411422,5.152467359339933,42,8161.941029962165,2211.8853784135863,2.326447304749084,-0.7260532067534593,7572.026762801155,0.42799523986276733,0.9866635238146814,0.9548998242436882,0.6639233993741582,1.0,0.2908059130936355,0.9762792612083905,1.0,0.0,0.07644304529322876,ahead_vae,ahead,False,0.07374534010887146,2.1728405952453613,1.4948618412017822,1.1657103300094604,vae_candidate_pool_v1,belief_limited_heuristic_v1,15,90,2.286666666666667,2.286666666666667,2.433333333333333,1.0,1.0,False,True
VAE000083,vae_candidate_000083,0.9120229420984762,-2043.5712890625,1646.51123046875,2709.1962015563627,-0.6483881996073518,-0.011493350333749456,5.485716149315987,42,8248.069561708968,2407.7595427793917,2.1148709054576864,-2.5046978043161907,8062.904024337571,0.020052718483170143,0.9820900573465106,0.9998994754889317,0.5947019380743045,1.0,0.2643588631822108,0.9623722174173617,1.0,0.0,0.07316330995611714,astern_vae,astern,False,0.10435687750577927,0.6453913450241089,2.9410862922668457,1.8374005556106567,vae_candidate_pool_v1,belief_limited_heuristic_v1,16,63,3.4949999999999997,3.4949999999999997,2.0,1.7,1.7349999999999994,False,True
VAE000019,vae_candidate_000019,0.9063593910410548,2049.6728515625,2405.975830078125,3160.3156625538722,-2.2890259178468857,-0.035755524026644656,5.00245627608871,42,8277.766037016398,2614.418070068004,1.9407120681655858,-0.888322259769552,7249.736847172921,0.37925430800374316,0.8964812819671432,0.9644704848905747,0.776014664488423,1.0,0.24258900852069823,0.8929594289484135,1.0,0.0,0.06887293993528389,ahead_vae,ahead,False,0.05790364742279053,2.2370660305023193,2.4891836643218994,1.3960999250411987,vae_candidate_pool_v1,belief_limited_heuristic_v1,17,56,3.82,3.82,2.0,1.9,1.9,False,True
VAE000079,vae_candidate_000079,0.9043560518009494,1687.8837890625,2897.41357421875,3382.3078529227837,-2.1204517794220408,0.012389473108907293,4.723403155240613,42,8227.282175790106,1967.2435451688607,2.594984502801834,-1.008751401058845,6049.080737505049,0.3041795860939871,0.8332628129283187,0.9770464981148823,0.846167103951968,1.0,0.32437306285022927,0.8654864228052994,1.0,0.0,0.07923421879801198,ahead_vae,ahead,False,0.05409790575504303,1.9640393257141113,1.866518259048462,1.5195598602294922,vae_candidate_pool_v1,belief_limited_heuristic_v1,18,38,4.326666666666666,4.326666666666666,3.1333333333333333,2.0,2.1000000000000005,False,True
VAE000032,vae_candidate_000032,0.9034707501872203,1964.702392578125,3025.489501953125,3537.079440908543,-2.124792265305652,0.0017794492736521782,4.813045685208038,42,8021.564965016154,2472.7782760019263,2.1174102378729627,-1.015020939010489,6332.7992476811905,0.2148285415750146,0.7831633974843123,0.9885064800300712,0.8494915994215203,1.0,0.26467627973412033,0.9873290219855494,1.0,0.0,0.06979950090104081,ahead_vae,ahead,False,0.0774119421839714,2.0381019115448,2.4726336002349854,1.8470673561096191,vae_candidate_pool_v1,belief_limited_heuristic_v1,19,62,3.4966666666666657,3.4966666666666657,2.466666666666667,1.6,1.7233333333333336,False,True
VAE000026,vae_candidate_000026,0.8819159342713483,2214.465576171875,-1654.7791748046875,2817.968129433999,2.49356851573094,-0.05673687909941675,5.096465640187928,42,8315.547619446128,2429.7853736005236,2.078693806384244,0.5912872587594359,8258.20136919962,0.5469158261352087,0.9675152662921749,0.927066261568297,0.5574301973303113,1.0,0.2598367257980305,0.9627472683955007,1.0,0.0,0.07238542402594883,ahead_vae,ahead,False,0.0702630802989006,2.154909610748291,2.0416712760925293,1.2715685367584229,vae_candidate_pool_v1,belief_limited_heuristic_v1,20,13,5.698333333333332,5.698333333333332,2.8333333333333335,2.8,2.8916666666666657,True,True
VAE000046,vae_candidate_000046,0.8810619978993085,-2190.8779296875,-1154.27197265625,2467.178831122912,0.46593924493945665,-0.0013001755775813833,5.013535869560991,42,8246.309048681767,2344.5870843296743,2.172317571914955,2.6743532330727553,8418.48607925111,0.17665531498462977,0.9991472455880733,0.9922184930595314,0.4504233177045266,1.0,0.2715396964893694,0.9089452035430667,1.0,0.0,0.07528645174451182,astern_vae,astern,False,0.11423031240701675,1.1417341232299805,2.940579414367676,1.5012290477752686,vae_candidate_pool_v1,belief_limited_heuristic_v1,21,47,4.136666666666666,4.136666666666666,2.8,1.9333333333333331,2.03,False,True
VAE000074,vae_candidate_000074,0.8790240712850889,2514.854248046875,-1715.7232666015625,3006.9930322161385,2.5544218993701002,0.00023681886157010668,5.438911998183498,42,8293.480651267568,2530.6264358277217,2.00117198340621,0.5874075730812633,8305.815001486999,0.39411422575778937,0.9327216181436766,0.9616685277053485,0.5542050027808952,1.0,0.25014649792577626,0.9599744492996636,1.0,0.0,0.07036877644523609,ahead_vae,ahead,False,0.1049039214849472,1.5674147605895996,2.9544761180877686,1.2813212871551514,vae_candidate_pool_v1,belief_limited_heuristic_v1,22,40,4.299999999999999,4.299999999999999,3.0,2.0,2.1000000000000005,False,True
VAE000033,vae_candidate_000033,0.8712271924226078,2565.884033203125,-1590.508544921875,3067.284776196661,2.579508935620872,0.0008354959116241029,5.113645587739327,42,8203.390710900714,2470.493044671985,2.072393675554834,0.5629192138805454,8256.011078957537,0.3990465575340032,0.919273285212313,0.9607159316424212,0.5336572499562251,1.0,0.2590492094443542,0.9622937499719229,1.0,0.0,0.0709804100823103,ahead_vae,ahead,False,0.10437503457069397,0.7733955383300781,1.5034499168395996,1.302285075187683,vae_candidate_pool_v1,belief_limited_heuristic_v1,23,55,3.888333333333333,3.888333333333333,2.7333333333333334,1.8333333333333333,1.8749999999999996,False,True
VAE000069,vae_candidate_000069,0.8698644512397271,-2362.634765625,-2605.17138671875,3536.599875719662,0.7936773805458662,0.05403049160232298,5.326925659133112,42,8146.696915105733,2480.4416431252603,2.078445863539829,2.4019457646462503,7689.9037783849135,0.1842855523417738,0.7833248401540122,0.9915337099632116,0.6740271081830217,1.0,0.2598057329424786,0.9963721523260303,1.0,0.0,0.06966234542407235,astern_vae,astern,False,0.08200548589229584,0.689021646976471,2.015322685241699,1.2885938882827759,vae_candidate_pool_v1,belief_limited_heuristic_v1,24,49,4.083333333333333,4.083333333333333,2.1666666666666665,2.0,2.0499999999999994,False,True
VAE000113,vae_candidate_000113,0.8693534003374427,658.0154418945312,639.2361450195312,1045.9338497878348,-2.403978285180818,-0.025381074498687116,4.762224732957076,42,8331.541291570975,2434.262686124561,2.0708874554558303,-0.7629954429076622,7704.07442911204,0.6785607087686547,0.7070906279818917,0.8892384646652118,0.6910895560183148,1.0,0.2588609319319788,0.9896003962650569,1.0,1.0,0.10136267766796932,inside_convoy_envelope,inside,True,0.09618902951478958,1.3728572130203247,2.4830989837646484,1.1822774410247803,vae_candidate_pool_v1,belief_limited_heuristic_v1,25,30,4.376666666666666,4.376666666666666,3.1333333333333333,2.0,2.15,False,True
VAE000010,vae_candidate_000010,0.8663064819239434,-17.41888427734375,536.518310546875,425.43090142666006,-1.5617753536266805,0.019228334872667428,5.031835075341877,42,8253.665243242653,2383.2271423847983,2.135192343565553,-1.5605889650904452,2467.3496725277023,0.21348357617021518,0.47852993614521666,0.9886493979543163,0.9999479053358326,0.9489806432798855,0.2668990429456941,0.9731236182941665,1.0,1.0,0.19973205186704748,inside_convoy_envelope,inside,True,0.07286243140697479,2.281564235687256,2.4755561351776123,1.4623152017593384,vae_candidate_pool_v1,belief_limited_heuristic_v1,26,73,2.700000000000001,2.700000000000001,4.0,1.0,1.1000000000000003,False,False
VAE000102,vae_candidate_000102,0.8588105896938097,922.364013671875,-861.5762329101562,1141.7667353763622,2.3711655131791813,0.010508953516040734,4.746294541138617,42,8278.4274133961,2381.692568428901,2.130177257432527,0.7809360939266531,7556.373165769859,0.8220055145844336,0.7413574428599685,0.8403767563345172,0.7039445928165757,1.0,0.2662721571790659,0.8678357116399719,1.0,1.0,0.09717953222717195,inside_convoy_envelope,inside,True,0.05441056936979294,1.1471489667892456,1.5027960538864136,1.534437894821167,vae_candidate_pool_v1,belief_limited_heuristic_v1,27,79,2.599999999999999,2.599999999999999,4.0,1.0,1.0,False,False
VAE000025,vae_candidate_000025,0.8477813019973174,1978.53759765625,1037.26220703125,2135.9855962482825,-2.6947625564119506,-0.006714052784703712,4.816297691582376,42,8244.400405858561,2205.0282863188677,2.3103408089399284,-0.4535441499625462,8377.032648131586,0.6560440168632491,0.986909944896956,0.8962057617475427,0.4381541151963349,1.0,0.28879260111749105,0.875503108685164,1.0,0.0,0.07975923914875342,ahead_vae,ahead,False,0.055446308106184006,0.8874381184577942,2.5909335613250732,1.7860039472579956,vae_candidate_pool_v1,belief_limited_heuristic_v1,28,67,3.156666666666667,3.156666666666667,4.0,1.2666666666666666,1.343333333333333,False,False
VAE000037,vae_candidate_000037,0.8421003117502636,-2667.9755859375,533.668701171875,2698.5713867708787,-0.23901173073642418,0.021251927490701424,4.89852243905879,42,8215.397824992597,2357.4378496646427,2.1686049246569477,-2.8813289953626673,8545.373067009468,0.04466441319036041,0.9832896108990458,0.9995013554527674,0.2573353396219881,1.0,0.27107561558211846,0.9330922692699588,1.0,0.0,0.07394657342094313,astern_vae,astern,False,0.0643017515540123,1.9131050109863281,2.004061698913574,1.4365832805633545,vae_candidate_pool_v1,belief_limited_heuristic_v1,29,61,3.5450000000000013,3.5450000000000013,1.8,1.8,1.7450000000000006,False,False
VAE000017,vae_candidate_000017,0.837175849435414,-2924.256103515625,-2160.740966796875,3622.3207280552824,0.6222819546463267,0.024862295683741948,5.2045182435919655,42,8319.728339698628,2562.1139953966062,1.970342367554482,2.544172994627209,8319.884002276465,0.046750600523262194,0.7539475263935128,0.9994536948497801,0.5625109486626122,1.0,0.24629279594431025,0.9656839106749487,1.0,0.0,0.06838035194878368,astern_vae,astern,False,0.10357355326414108,0.7978635430335999,2.0834662914276123,1.0604908466339111,vae_candidate_pool_v1,belief_limited_heuristic_v1,30,57,3.649999999999999,3.649999999999999,1.8,1.8,1.8499999999999992,False,False
VAE000116,vae_candidate_000116,0.8321123932214756,-1563.083251953125,-551.2141723632812,1729.9872754727844,0.364883705918546,0.019253412268532166,4.826269794381643,42,8212.525000026708,2489.2409970084595,2.0544976115666196,2.7959623599397796,8570.182907827026,0.40201868996409906,0.918639556476157,0.9601365014629666,0.33878976391277,1.0,0.25681220144582745,0.979445662712011,1.0,0.0,0.08037818808773167,astern_vae,astern,False,0.09984268248081207,1.2824881076812744,1.5167346000671387,1.414507269859314,vae_candidate_pool_v1,belief_limited_heuristic_v1,31,6,6.136666666666666,6.136666666666666,3.3,2.933333333333333,3.1300000000000012,True,False
VAE000125,vae_candidate_000125,0.8288765268575933,-2411.379638671875,3453.46875,4144.256127487461,-0.9381509957903933,4.810229893860865e-05,5.387666515688389,42,8197.777623743608,2537.635407772406,2.018942413483923,-2.203393555500461,6893.45488264506,0.17963511335589077,0.5626326006263465,0.9919544763956641,0.8064946410429643,1.0,0.2523678016854904,0.9836271089588502,1.0,0.0,0.06787934411986138,astern_vae,astern,False,0.09847889840602875,0.9933589100837708,1.4986398220062256,1.6357755661010742,vae_candidate_pool_v1,belief_limited_heuristic_v1,32,31,4.366666666666665,4.366666666666665,2.433333333333333,2.1,2.2000000000000006,False,False
VAE000112,vae_candidate_000112,0.8278340954368703,-2408.474609375,-612.0397338867188,2431.4209661555833,0.24479874404400798,0.06693981609113192,5.343421975398016,42,8203.120715769082,2428.6572371182533,2.108161907643053,2.9637337256369176,8503.399015430812,0.13276292611548496,0.9998133865800178,0.995599969970836,0.1769226844532834,1.0,0.26352023845538164,0.9157660423575575,1.0,0.0,0.07431377386017092,astern_vae,astern,False,0.06137987598776817,0.6312564015388489,2.968106746673584,1.6263428926467896,vae_candidate_pool_v1,belief_limited_heuristic_v1,33,16,5.180000000000002,5.180000000000002,2.6333333333333333,2.566666666666667,2.5999999999999996,True,False
VAE000096,vae_candidate_000096,0.8248224234522853,-975.9915161132812,670.3599243164062,1261.529809480579,-0.6465105195392356,0.041604158600095156,4.8375973930419685,42,8354.029946168124,2269.346108150607,2.215401908680226,-2.453477975450462,7894.247207698432,1.2551146358532472,0.7826950134660083,0.6552322742350072,0.6350820048455225,1.0,0.27692523858502827,0.9942315664294157,1.0,1.0,0.09386645791711015,inside_convoy_envelope,inside,True,0.08062896877527237,1.642892599105835,2.007685899734497,1.6848200559616089,vae_candidate_pool_v1,belief_limited_heuristic_v1,34,35,4.349999999999999,4.349999999999999,3.0,2.0,2.15,False,False
VAE000027,vae_candidate_000027,0.8092212204006215,-640.3912963867188,4625.11181640625,4647.480101616508,-1.4379018567685118,0.007432346291757148,4.747289244847191,42,8354.09558756962,2522.5162219061685,1.993039391639399,-1.6962584505295242,3548.064141187002,0.33444054279121604,0.38486912081511104,0.972297047054277,0.9921399461319296,1.0,0.24912992395492486,0.9992273205061608,1.0,0.0,0.06747330054819593,port_vae,port,False,0.08484023809432983,1.8518354892730713,2.380859136581421,1.256635308265686,vae_candidate_pool_v1,belief_limited_heuristic_v1,35,5,6.143333333333334,6.143333333333334,3.466666666666667,3.0,3.049999999999999,True,False
VAE000086,vae_candidate_000086,0.804671674744497,-1949.15625,-196.97781372070312,1925.1835587760602,0.10229366555705209,0.010266986642071449,5.2652270423346135,42,8084.230473476882,2558.6677989861155,2.0304705765478923,3.0495659746748127,8285.155801594015,0.18393890434213594,0.9582771225577925,0.9915654410529534,0.09189683963578733,1.0,0.25380882206848654,0.9977769985898759,1.0,0.0,0.07700220783765707,astern_vae,astern,False,0.08314967155456543,1.451946496963501,2.405017137527466,1.7908753156661987,vae_candidate_pool_v1,belief_limited_heuristic_v1,36,100,1.8366666666666664,1.8366666666666664,0.9666666666666668,0.9666666666666668,0.8699999999999998,False,False
VAE000117,vae_candidate_000117,0.8025897252212454,3274.00439453125,1612.6666259765625,3704.6293284682274,-2.667069843392648,0.019265159662950074,5.121622773698628,42,8253.144835269566,2337.9533765359733,2.1766769461043456,-0.4552576505341952,8440.527091015674,0.24027856549316737,0.72487936221715,0.9856358607081149,0.43969373665046096,1.0,0.2720846182630432,0.9788358847486545,1.0,0.0,0.07139743559358741,ahead_vae,ahead,False,0.07450307905673981,1.2540521621704102,2.454575538635254,1.8587108850479126,vae_candidate_pool_v1,belief_limited_heuristic_v1,37,89,2.326666666666667,2.326666666666667,2.6333333333333333,1.0,1.0,False,False
VAE000127,vae_candidate_000127,0.7990720440076989,2347.380126953125,-536.7677001953125,2361.8897013147025,2.8976252754618024,0.0103670378189282,5.139748895642029,42,8257.071961404356,2480.7694260875146,2.0503916284499693,0.25433441594691897,8615.614772760928,0.8164624120613047,0.9997254828916557,0.8424017128638018,0.2516012915509445,1.0,0.25629895355624616,0.8652665569921331,1.0,0.0,0.07405260508641857,ahead_vae,ahead,False,0.05406875163316727,1.3084014654159546,1.9966211318969727,1.1051881313323975,vae_candidate_pool_v1,belief_limited_heuristic_v1,38,28,4.400000000000001,4.400000000000001,3.0,2.0,2.2000000000000006,False,False
VAE000105,vae_candidate_000105,0.7956280506429021,3188.612548828125,1085.619140625,3498.3905525829186,-2.8277576374438995,0.009102229738763101,4.937306889352513,42,8285.834143851434,2243.6360663949736,2.2592310171900074,-0.3047327864071305,8577.258955220488,0.3139716854124903,0.7960728210338788,0.9755572324770165,0.3000382836201191,1.0,0.2824038771487509,0.9979048885439349,1.0,0.0,0.07334295481580334,ahead_vae,ahead,False,0.09126295149326324,1.5730218887329102,2.394543170928955,1.8887828588485718,vae_candidate_pool_v1,belief_limited_heuristic_v1,39,84,2.456666666666667,2.456666666666667,3.033333333333333,1.0,1.0500000000000005,False,False
VAE000011,vae_candidate_000011,0.7950744418305833,614.6226196289062,4504.19580078125,4592.928653281393,-1.7332298285722678,0.07662104394552456,5.078572544102983,42,8359.635265613992,2392.0696328333825,2.100332938430377,-1.3317417810720007,4303.473874190684,0.34098533944878695,0.4029021137232291,0.9712128049683322,0.9715622776517797,1.0,0.2625416173037971,0.8436753416654104,1.0,0.0,0.06937642727036894,port_vae,port,False,0.05128689855337143,1.5397061109542847,2.023693084716797,1.0849088430404663,vae_candidate_pool_v1,belief_limited_heuristic_v1,40,15,5.606666666666667,5.606666666666667,3.4,2.6666666666666665,2.7933333333333334,True,False
VAE000067,vae_candidate_000067,0.7913971439166003,3136.110595703125,535.8687133789062,3099.7660315083326,-2.976609844606151,-0.033427176920783105,5.700271418138615,41,8204.748579618212,2492.3817709612813,2.004952154051749,-0.19840998590442516,8535.056737132207,0.15324086684508842,0.9115893269096145,0.9941407885302078,0.19711076064593414,1.0,0.2506190192564686,0.7921078875470947,0.9761904761904762,0.0,0.07058844630053024,ahead_vae,ahead,False,0.1293952614068985,2.3564612865448,1.5173447132110596,1.1970869302749634,vae_candidate_pool_v1,belief_limited_heuristic_v1,41,25,4.569999999999999,4.569999999999999,4.0,2.066666666666667,2.116666666666666,True,False
VAE000107,vae_candidate_000107,0.7901725666983668,1096.67138671875,-4588.0166015625,4760.941280655594,1.8567239457312894,0.0067725973570185016,4.917326371866094,42,8120.904694394302,2482.273478397984,2.0835083704121846,1.2916413052155227,4623.8435523556,0.3138921300002646,0.3486473008539764,0.9755695158627493,0.9612886097511779,1.0,0.2604385463015231,0.9660305066346013,1.0,0.0,0.06797801634856868,starboard_vae,starboard,False,0.07104337960481644,0.7507641911506653,2.0072884559631348,1.2759648561477661,vae_candidate_pool_v1,belief_limited_heuristic_v1,42,9,6.0133333333333345,6.0133333333333345,2.933333333333333,2.933333333333333,3.080000000000001,True,False
VAE000100,vae_candidate_000100,0.7844043673546015,2853.250732421875,477.4000244140625,2971.02251482361,-2.9867885362928854,0.02042847962768393,5.198392755242949,42,8269.697499726744,2497.1158051926836,2.03385966364907,-0.13437563766922375,8529.690200533025,0.6100894737731655,0.9402228851799624,0.90979837897575,0.13397160334926816,1.0,0.25423245795613375,0.9602097220319461,1.0,0.0,0.07092672476119843,ahead_vae,ahead,False,0.06968198716640472,0.7281860113143921,2.5888710021972656,1.2639615535736084,vae_candidate_pool_v1,belief_limited_heuristic_v1,43,50,4.073333333333333,4.073333333333333,2.566666666666667,1.9,2.04,False,False
VAE000081,vae_candidate_000081,0.7810107592924003,1602.241455078125,-4491.4521484375,4823.30500163347,1.9117943905885006,0.01052020293945414,5.2838667059979745,42,8197.451470659613,2424.275226286888,2.113433137520843,1.240318465940747,4953.1239339379645,0.07124183777767468,0.32952736910249636,0.9987316867067222,0.9458873880410966,1.0,0.26417914219010535,0.9039300232982443,1.0,0.0,0.06873206775052208,ahead_vae,ahead,False,0.1150006353855133,1.6178207397460938,2.0307793617248535,1.373018503189087,vae_candidate_pool_v1,belief_limited_heuristic_v1,44,45,4.218333333333335,4.218333333333335,2.033333333333333,2.033333333333333,2.185,False,False
VAE000110,vae_candidate_000110,0.779692346365757,2857.03955078125,304.28546142578125,2860.469553791055,-2.986320823117782,0.042881301546879524,4.849817513976964,42,8286.320434952975,2397.419464045351,2.114187690319486,-0.11239052892513157,8502.920970413685,0.6934114999673282,0.9607109427800028,0.8845349923143508,0.11215406570562574,1.0,0.26427346128993573,0.956036738538905,1.0,0.0,0.07268563070895939,ahead_vae,ahead,False,0.0687628984451294,1.0433496236801147,2.9197447299957275,1.9360809326171875,vae_candidate_pool_v1,belief_limited_heuristic_v1,45,81,2.4966666666666675,2.4966666666666675,3.2333333333333334,1.0,1.0500000000000005,False,False
VAE000109,vae_candidate_000109,0.7791687594874307,3263.592529296875,-2800.79296875,4302.9654973879315,2.4354787226599415,-0.025326523093222444,5.0774361179018594,42,8298.68503151086,2377.054812062806,2.12912329950032,0.6807874078366292,7944.850677573244,0.11454453858707225,0.5043163409879418,0.9967234719818978,0.6294050958781758,1.0,0.26614041243754,0.9999354096504228,1.0,0.0,0.0699239437798725,ahead_vae,ahead,False,0.08656510710716248,1.8773155212402344,2.050757646560669,1.4353313446044922,vae_candidate_pool_v1,belief_limited_heuristic_v1,46,54,3.9333333333333327,3.9333333333333327,2.7666666666666666,1.9333333333333331,1.8333333333333328,False,False
VAE000091,vae_candidate_000091,0.7781252134585024,220.72743225097656,4756.61865234375,4763.344694074122,-1.5982796871650957,-0.041147216780984715,5.532115915123293,42,8210.719426304511,2279.404863562197,2.2441227474775953,-1.5844601832056822,2391.3786836239433,0.3684722691527824,0.34789976970158304,0.9664393542167522,0.9999066509663692,0.9197610321630552,0.2805153434346994,0.8682378515819279,1.0,0.0,0.07107694497111874,port_vae,port,False,0.05446430295705795,1.3212800025939941,1.9532995223999023,1.3691083192825317,vae_candidate_pool_v1,belief_limited_heuristic_v1,47,80,2.5,2.5,4.0,1.0,0.8999999999999998,False,False
VAE000090,vae_candidate_000090,0.7727212186291343,-877.1421508789062,-5105.201171875,5033.158531929677,1.3848824128099129,-0.01865249733330262,5.095524473836949,42,8280.848742208027,2537.79622212914,1.9985623052742876,1.7380577434465778,3880.9970569903016,0.3378802392249383,0.26963528252276703,0.9717297298882284,0.9860443904333017,1.0,0.24982028815928595,0.9924310435954006,1.0,0.0,0.06696530302611681,starboard_vae,starboard,False,0.09487304836511612,1.7334935665130615,2.9607810974121094,1.2832878828048706,vae_candidate_pool_v1,belief_limited_heuristic_v1,48,68,3.1466666666666656,3.1466666666666656,3.033333333333333,1.4666666666666666,1.3666666666666665,False,False
VAE000044,vae_candidate_000044,0.7700993007750225,818.165771484375,4782.185546875,4964.459296634135,-1.7565394273058,0.03236660973662309,4.6602489956463575,42,8021.822949115266,2656.322165531599,1.9710401539227143,-1.35268661654737,4329.187363327803,0.31090117320469557,0.28846384089393945,0.9760291362763102,0.97630822276954,1.0,0.24638001924033928,0.9181510206964737,1.0,0.0,0.06561922098539452,port_vae,port,False,0.06176532804965973,0.9487776756286621,2.0122320652008057,1.9127711057662964,vae_candidate_pool_v1,belief_limited_heuristic_v1,49,77,2.599999999999999,2.599999999999999,4.0,1.0,1.0,False,False
VAE000023,vae_candidate_000023,0.7698892021345997,2933.80419921875,3480.87158203125,4604.983295179494,-2.291041331666549,0.0038232089278253992,4.728749876255423,42,8247.690023369707,2448.4062663583013,2.079857007488697,-0.8467281129954185,7297.723671042146,0.12484910611554545,0.398884480087262,0.9961082342942074,0.7491169973981753,1.0,0.2599821259360871,0.9865879726801682,1.0,0.0,0.06856335673058032,ahead_vae,ahead,False,0.09740695357322693,1.3230040073394775,1.9800580739974976,1.1008468866348267,vae_candidate_pool_v1,belief_limited_heuristic_v1,50,33,4.3566666666666665,4.3566666666666665,3.033333333333333,2.0,2.15,False,False
VAE000034,vae_candidate_000034,0.7650811763390821,3010.18896484375,-3673.52001953125,4666.1883288053905,2.239594954311233,0.02345007970435185,5.233502346302034,42,8184.187762144781,2524.591783039089,2.0327433155749866,0.9254477789829123,6939.471664589817,0.13314579458546216,0.3787743407753317,0.9955745928737778,0.7988901720073338,1.0,0.2540929144468733,0.9019345227459062,1.0,0.0,0.06747271006908578,ahead_vae,ahead,False,0.059230510145425797,1.4631391763687134,2.911081075668335,1.8736956119537354,vae_candidate_pool_v1,belief_limited_heuristic_v1,51,91,2.2766666666666664,2.2766666666666664,2.1333333333333333,1.0,1.0500000000000005,False,False
VAE000087,vae_candidate_000087,0.7649348715920357,-999.6619262695312,4651.32373046875,4804.161176728131,-1.3585257540107059,0.022211570908220877,4.395458112829435,42,8164.697846381491,2456.5754634079008,2.094011504484106,-1.7608553286708664,3954.7890048062964,0.6169872550778167,0.3353347839664926,0.9078126355545579,0.9819930903788925,1.0,0.26175143806051326,0.8813854078075039,1.0,0.0,0.06828968830737459,port_vae,port,False,0.05625796318054199,1.6598663330078125,2.4082491397857666,1.3302134275436401,vae_candidate_pool_v1,belief_limited_heuristic_v1,52,74,2.700000000000001,2.700000000000001,4.0,1.0,1.1000000000000003,False,False
VAE000013,vae_candidate_000013,0.7634090601046235,3464.129150390625,-2820.052978515625,4433.0494636558615,2.468081544787406,0.002341061202676679,5.2021379873143,42,8230.39260147193,2436.07752778413,2.094776208254872,0.6758521700050644,7945.0580114116565,0.14486372913882084,0.45779202693907906,0.9947627933963634,0.625562384795439,1.0,0.261847026031859,0.9951373603179023,1.0,0.0,0.06891873745774675,ahead_vae,ahead,False,0.08117372542619705,0.8382363319396973,2.5334417819976807,1.4549025297164917,vae_candidate_pool_v1,belief_limited_heuristic_v1,53,46,4.14,4.14,2.7,2.0,2.0,False,False
VAE000078,vae_candidate_000078,0.76160453667628,568.8262939453125,-1618.9149169921875,1693.151377206261,1.8998851298596564,0.061793709179311464,5.365933765356998,42,8463.421758935949,2420.1744865536825,2.05048515014043,1.3035012329094482,4569.620351777214,2.8734842230565016,0.9098741773496782,0.017863143548021765,0.9644888532591759,1.0,0.25631064376755375,0.9072342195609527,1.0,1.0,0.08173484807958128,inside_convoy_envelope,inside,True,0.06003784015774727,1.4391082525253296,2.9380881786346436,1.278106689453125,vae_candidate_pool_v1,belief_limited_heuristic_v1,54,78,2.599999999999999,2.599999999999999,4.0,1.0,1.0,False,False
VAE000121,vae_candidate_000121,0.757028751173488,159.07485961914062,5409.91943359375,5313.996527341103,-1.6643870379007633,-0.03897343387687886,4.818431943771663,42,8250.02265110139,2433.4032914949235,2.092088529345584,-1.5161790495659087,2880.144499446743,0.3031634008775843,0.20085440188289191,0.9771984308656757,0.9985088472508983,1.0,0.261511066168198,0.999300734338943,1.0,0.0,0.06823048866854943,port_vae,port,False,0.08957450836896896,2.3148932456970215,2.9505438804626465,1.198486566543579,vae_candidate_pool_v1,belief_limited_heuristic_v1,55,27,4.5,4.5,4.0,2.0,2.1000000000000005,False,False
VAE000071,vae_candidate_000071,0.7544542420096422,-1516.398193359375,5057.5068359375,5259.871321187336,-1.3273855706794657,0.012107219600239763,4.91429356461091,43,8126.392773659038,2354.5229719458516,2.2473344760146072,-1.8020998633100875,4154.7656557981545,0.35022207213314693,0.21307755962474834,0.9696482708186922,0.9733683908324876,1.0,0.2809168095018259,0.9982440137016874,1.0,0.0,0.06950009062808601,port_vae,port,False,0.09092492610216141,2.1435434818267822,1.4876829385757446,1.5772919654846191,vae_candidate_pool_v1,belief_limited_heuristic_v1,56,8,6.03,6.03,2.966666666666667,2.966666666666667,3.0633333333333344,True,False
VAE000040,vae_candidate_000040,0.7535316150644175,-39.14581298828125,5219.6474609375,5399.751137441307,-1.5611351563359919,0.02335057229745369,4.885043870954183,42,8202.240274127089,2623.5630088600556,1.9517550163766897,-1.5571069249563476,2735.5974413395666,0.23715587664672344,0.18249344957315694,0.9860050504697354,0.9999063016019195,1.0,0.2439693770470862,0.9995043346678412,1.0,0.0,0.06565230042990573,port_vae,port,False,0.08920956403017044,0.7107037901878357,2.0374364852905273,1.120092749595642,vae_candidate_pool_v1,belief_limited_heuristic_v1,57,22,4.858333333333335,4.858333333333335,4.0,2.1666666666666665,2.325000000000001,True,False
VAE000052,vae_candidate_000052,0.7503339723047584,-1037.422119140625,-360.23614501953125,1119.8749475380407,0.3543888356990193,0.05555715137899293,4.457657224052463,42,8217.336700310096,2443.5831238693104,2.0916599989644538,2.8427609692697664,8572.553689760975,1.1651667429213142,0.7336105581040673,0.6972986671451105,0.2944038706285236,1.0,0.2614574998705567,0.9860259655545695,1.0,1.0,0.09753405058285945,inside_convoy_envelope,inside,True,0.0769142210483551,1.5118056535720825,2.3355891704559326,1.3459721803665161,vae_candidate_pool_v1,belief_limited_heuristic_v1,58,48,4.126666666666665,4.126666666666665,3.1333333333333333,2.0,1.8999999999999997,False,False
VAE000058,vae_candidate_000058,0.7416656905906419,-171.72064208984375,-5459.01318359375,5509.830239709538,1.5303510336547144,0.006058718714204242,4.720931005597501,42,8516.333865230867,2336.3869875717496,2.110823073855153,1.6173003386492832,2729.7620381654983,0.36279368650890076,0.16070663936167576,0.9674545144989516,0.9989188832991243,1.0,0.2638528842318941,0.9904558863251062,1.0,0.0,0.06954626231019283,starboard_vae,starboard,False,0.07872060686349869,1.746961236000061,2.9489994049072266,1.2748385667800903,vae_candidate_pool_v1,belief_limited_heuristic_v1,59,52,4.041666666666666,4.041666666666666,2.6333333333333333,1.9,1.9950000000000003,False,False
VAE000029,vae_candidate_000029,0.7375461290648173,-1596.352294921875,-21.285825729370117,1530.6927440960797,0.031163555617233194,0.040174839704628706,5.278651548584546,42,8161.145325108537,2427.939555187047,2.1196312241888062,-3.1325813695023976,8182.692528600239,0.3881970386382701,0.8668810428924337,0.9627965106110398,0.00901116213031201,1.0,0.2649539030236008,0.8443808067923648,1.0,0.0,0.08470213141434486,astern_vae,astern,False,0.05137546360492706,1.757953405380249,2.952174425125122,1.7403689622879028,vae_candidate_pool_v1,belief_limited_heuristic_v1,60,85,2.4466666666666668,2.4466666666666668,2.7,1.0333333333333334,1.0800000000000003,False,False
VAE000043,vae_candidate_000043,0.7359385114734038,-3231.8818359375,-3905.607421875,4969.132326275176,0.904514186384691,0.006296033087138868,4.753168095721402,42,8244.831526798655,2446.0477377726907,2.0825842326976227,2.243374500292241,7049.911896617132,0.3584682333369143,0.28715865851356664,0.9682176637211553,0.7822180530190249,1.0,0.26032302908720284,0.9851972355667779,1.0,0.0,0.0682865841719864,astern_vae,astern,False,0.09792348742485046,1.8550902605056763,2.4520297050476074,1.7863805294036865,vae_candidate_pool_v1,belief_limited_heuristic_v1,61,58,3.633333333333332,3.633333333333332,1.7666666666666666,1.7666666666666666,1.8666666666666671,False,False
VAE000004,vae_candidate_000004,0.7353855503195023,1642.347412109375,-5007.80517578125,5353.596078485463,1.8948152532314573,0.028422470614049563,5.142321029754193,42,8335.130092666755,2466.0541653058967,2.043310169377362,1.2751998709723857,4787.208661419874,0.25926053355942047,0.1922231658302603,0.9832899081708502,0.9566285586591101,1.0,0.25541377117217023,0.879567334757535,1.0,0.0,0.06771340158981659,starboard_vae,starboard,False,0.056005433201789856,2.149911880493164,2.514835834503174,1.534699559211731,vae_candidate_pool_v1,belief_limited_heuristic_v1,62,14,5.658333333333335,5.658333333333335,3.8333333333333335,2.6666666666666665,2.7583333333333324,True,False
VAE000080,vae_candidate_000080,0.7341690142128956,4018.5498046875,-1631.4859619140625,4256.118317417685,2.7599225151685394,0.008613109385550466,5.099688731325727,42,8294.854137380862,2251.3058106461976,2.2490859090806583,0.39028324780680484,8527.602329117744,0.11680013720011173,0.5213874465965277,0.9965933075494768,0.38045037833122797,1.0,0.2811357386350823,0.992636225039618,1.0,0.0,0.07204021170262376,ahead_vae,ahead,False,0.09476885199546814,0.7350484132766724,2.515580177307129,1.21131432056427,vae_candidate_pool_v1,belief_limited_heuristic_v1,63,7,6.113333333333332,6.113333333333332,3.566666666666667,3.0,3.0,True,False
VAE000041,vae_candidate_000041,0.7301012269396039,3764.981201171875,1120.256103515625,4024.26111997007,-2.8685486165925234,-0.0046477636442035855,4.709480982079461,42,8178.878442385247,2461.292370485484,2.0863748135519127,-0.27769180064147336,8540.282176507344,0.00628640051492102,0.6073080457576427,0.9999901203246777,0.2741366068063601,1.0,0.2607968516939891,0.9040576421037609,1.0,0.0,0.06907763350137297,ahead_vae,ahead,False,0.059551678597927094,1.5792114734649658,2.5568184852600098,1.9087131023406982,vae_candidate_pool_v1,belief_limited_heuristic_v1,64,95,2.136666666666666,2.136666666666666,1.4333333333333331,1.0,1.0500000000000005,False,False
VAE000115,vae_candidate_000115,0.7296613235643704,3599.27587890625,-3200.8056640625,4752.020609647727,2.438609210047907,-0.032344430476183975,5.479532245222244,42,8325.601655500455,2373.8357297553002,2.1251177569104995,0.6706390130657021,7997.789288195415,0.10740800609306245,0.3514292489815005,0.9971186517067008,0.6214867325021605,1.0,0.26563971961381244,0.978016245677379,1.0,0.0,0.0695204740374377,ahead_vae,ahead,False,0.0742555633187294,1.7539794445037842,2.871583938598633,1.5121039152145386,vae_candidate_pool_v1,belief_limited_heuristic_v1,65,37,4.340000000000002,4.340000000000002,3.3333333333333335,2.066666666666667,2.020000000000001,False,False
VAE000084,vae_candidate_000084,0.7239745564766574,-1053.001220703125,-5419.13623046875,5448.902636463739,1.3683411960126994,-0.025369964531323667,5.041252176516203,42,8123.789075801734,2281.3555334394077,2.2661970981834556,1.7478814930457702,3676.7736478392053,0.5414487292865684,0.17252011285439134,0.9284814688347787,0.9843613540010112,1.0,0.28327463727293195,0.896516359757421,1.0,0.0,0.07059655485297042,starboard_vae,starboard,False,0.05842377617955208,2.3291850090026855,2.9668948650360107,1.8137216567993164,vae_candidate_pool_v1,belief_limited_heuristic_v1,66,21,4.876666666666667,4.876666666666667,3.3,2.3333333333333335,2.35,True,False
VAE000030,vae_candidate_000030,0.7238026419668863,-1152.69873046875,-5618.845703125,5727.793017808793,1.3644590410097026,-0.02348575772539999,5.086699178991497,42,8292.258136926801,2703.838802244114,1.873249740073309,1.7536478548546912,4166.580558604264,0.43604634630835626,0.12326450884852483,0.9532143023614998,0.9833291857095598,1.0,0.23415621750916363,0.9982101976607142,1.0,0.0,0.06449969374325137,starboard_vae,starboard,False,0.08357290923595428,1.4115426540374756,1.905048131942749,1.751678466796875,vae_candidate_pool_v1,belief_limited_heuristic_v1,67,94,2.1600000000000006,2.1600000000000006,2.3,1.0,0.8999999999999998,False,False
VAE000053,vae_candidate_000053,0.7206199101204959,549.2046508789062,-6045.46240234375,6012.3088924865815,1.67800772962526,-0.035964091417335795,4.8667420197601325,42,8283.863823617106,2771.452814916294,1.82940073999402,1.4276208325471977,3925.093271341293,0.26297068714597893,0.0848655324214583,0.9828110045914022,0.9897678860516228,1.0,0.2286750924992525,0.9961321354573082,1.0,0.0,0.06362030756540198,starboard_vae,starboard,False,0.08183391392230988,2.137512683868408,1.970538854598999,1.3966602087020874,vae_candidate_pool_v1,belief_limited_heuristic_v1,68,20,5.0600000000000005,5.0600000000000005,4.0,2.3666666666666667,2.3666666666666667,True,False
VAE000050,vae_candidate_000050,0.7205122069645561,-496.0885009765625,-5931.48388671875,6026.783567365604,1.4648016784116562,-0.025251830791300323,4.756171340286533,42,8206.225076422847,2478.546922545067,2.064946103833055,1.6515391443868366,3132.346004896801,0.31596168313918654,0.08320106810135129,0.9752489970093812,0.9967420692609429,1.0,0.2581182629791319,0.9956856176652771,1.0,0.0,0.06722167657245032,starboard_vae,starboard,False,0.09300466626882553,0.7452093362808228,2.969621419906616,1.9139889478683472,vae_candidate_pool_v1,belief_limited_heuristic_v1,69,24,4.750000000000001,4.750000000000001,2.966666666666667,2.2666666666666666,2.343333333333333,True,False
VAE000022,vae_candidate_000022,0.7192053347914389,-2616.687744140625,-4321.79052734375,5184.048282364252,1.023408502137979,-0.024973479201163804,5.051418928726529,42,8138.41138573741,2396.047003763627,2.153844362710076,2.0932106722506503,6137.309986008484,0.485992680098265,0.23103104510697647,0.9421058587695302,0.8666170112547237,1.0,0.2692305453387595,0.8791981371864701,1.0,0.0,0.06890124446377587,astern_vae,astern,False,0.05595433712005615,1.1523653268814087,1.5180628299713135,1.6468909978866577,vae_candidate_pool_v1,belief_limited_heuristic_v1,70,44,4.2349999999999985,4.2349999999999985,2.3666666666666667,2.033333333333333,2.135,False,False
VAE000108,vae_candidate_000108,0.7173696422361013,1695.94287109375,5948.97509765625,6176.636543989675,-1.840187388211127,-0.05260180634209945,4.720443448147193,42,8158.952222054973,2450.6403268419053,2.100561129180967,-1.3540070717207655,4148.229445867044,0.13113414599278905,0.06746028809761198,0.9957071159931711,0.9765930975797356,1.0,0.2625701411476209,0.9989317062243608,1.0,0.0,0.06757013591492796,port_vae,port,False,0.08441341668367386,1.4881213903427124,2.054135799407959,1.8273197412490845,vae_candidate_pool_v1,belief_limited_heuristic_v1,71,12,5.755000000000001,5.755000000000001,4.0,2.6666666666666665,2.8216666666666663,True,False
VAE000093,vae_candidate_000093,0.7173381771492344,124.58624267578125,5599.05078125,5622.744426073051,-1.6202818657569205,-0.02599445439854885,4.86430603272677,42,8180.055771096286,2379.492371122741,2.157787679179925,-1.5473052422314215,2570.9765716021884,0.4321360638350147,0.14038839265134184,0.9540366070038271,0.9997240971610121,0.9888371429239187,0.26972345989749064,0.8473056822680739,1.0,0.0,0.06888511562267464,port_vae,port,False,0.051744215190410614,1.6446058750152588,1.480269432067871,1.340303897857666,vae_candidate_pool_v1,belief_limited_heuristic_v1,72,69,3.0066666666666673,3.0066666666666673,4.0,1.2666666666666666,1.1933333333333331,False,False
VAE000006,vae_candidate_000006,0.7121715402439107,-657.1242065429688,-5689.17626953125,5777.8683070241295,1.4155241759003445,-0.015459876688133919,5.045715000839661,42,8079.573141461773,2515.308672686557,2.066662624458115,1.7106086010013153,3616.711606697413,0.4925165744201077,0.11568333014987586,0.9405728504091724,0.9902421746063309,1.0,0.2583328280572644,0.9138801272565457,1.0,0.0,0.06686506968752752,starboard_vae,starboard,False,0.061078399419784546,2.1282057762145996,2.46354341506958,1.7828391790390015,vae_candidate_pool_v1,belief_limited_heuristic_v1,73,83,2.47,2.47,1.5666666666666669,1.1666666666666667,1.2233333333333332,False,False
VAE000062,vae_candidate_000062,0.7120393631585584,-1276.7958984375,-5804.52685546875,5908.746381908255,1.338255601398421,-0.013469853271315842,4.9920596023534,42,8204.87579843989,2450.874786721679,2.088604238738809,1.7898671989200567,4175.404912980203,0.4729687131329307,0.09756093669579453,0.9451099359497239,0.9760997912916868,1.0,0.2610755298423511,0.9837026908317942,1.0,0.0,0.06766937114163556,starboard_vae,starboard,False,0.07608015090227127,1.3556162118911743,2.4409983158111572,1.8962340354919434,vae_candidate_pool_v1,belief_limited_heuristic_v1,74,11,5.949999999999998,5.949999999999998,3.0,3.0,2.950000000000001,True,False
VAE000059,vae_candidate_000059,0.7117502248667055,962.2395629882812,-6545.8955078125,6436.281476845915,1.692876964763554,-0.04753505779488998,4.969648090675115,42,8282.087696771803,2461.736194783748,2.0600034820864903,1.4011806310313493,3824.455558813441,0.1659462397171003,0.045973436177776404,0.9931312458429297,0.9856497116210586,1.0,0.2575004352608113,0.9976226601977141,1.0,0.0,0.06727898369589083,starboard_vae,starboard,False,0.09152393043041229,1.7859132289886475,1.4863379001617432,1.2821840047836304,vae_candidate_pool_v1,belief_limited_heuristic_v1,75,17,5.153333333333333,5.153333333333333,3.066666666666667,2.466666666666667,2.566666666666666,True,False
VAE000021,vae_candidate_000021,0.7075863916471813,397.4294128417969,-5937.39306640625,5878.733446569286,1.6341570200958142,0.0027618871843003044,5.166453776303991,42,8240.754874730746,2462.603822612419,2.0696063350863727,1.51019752067828,2957.15792501382,0.3440493760057768,0.10150629337865681,0.9706982626079679,0.998164454161731,1.0,0.2587007918857966,0.8201778321968396,1.0,0.0,0.06750517109818553,starboard_vae,starboard,False,0.04841239005327225,0.7389952540397644,1.953513264656067,1.135143518447876,vae_candidate_pool_v1,belief_limited_heuristic_v1,76,3,6.25,6.25,4.0,3.0,3.049999999999999,True,False
VAE000064,vae_candidate_000064,0.7046906476546897,3840.05078125,2936.7919921875,4840.304991291535,-2.510597535561122,-0.014844019674794555,5.0572659125653905,42,8314.866830064844,2461.0574470023594,2.0524483699327045,-0.6458391377034658,8121.444701237266,0.0543147065648828,0.32441698334485264,0.9992626594576841,0.6018687815110635,1.0,0.25655604624158806,0.8457179799037159,1.0,0.0,0.06815645878567204,ahead_vae,ahead,False,0.12298919260501862,1.1214033365249634,2.5260958671569824,1.834822416305542,vae_candidate_pool_v1,belief_limited_heuristic_v1,77,34,4.3533333333333335,4.3533333333333335,3.2666666666666666,2.0,2.1000000000000005,False,False
VAE000099,vae_candidate_000099,0.7043206946125758,1139.3232421875,6819.77490234375,6877.024087808965,-1.7473829563789103,0.005791816108536201,4.917044853564854,42,8160.545114203279,2503.4651861426164,2.055836460170661,-1.3884178811023467,3942.016051308804,0.17546526876841195,0.022618488029908415,0.9923227126223787,0.9834150982693399,1.0,0.2569795575213326,0.9990971768603809,1.0,0.0,0.0665816344530944,port_vae,port,False,0.08464377373456955,2.3596551418304443,1.4888478517532349,1.0997776985168457,vae_candidate_pool_v1,belief_limited_heuristic_v1,78,97,2.1000000000000005,2.1000000000000005,2.0,1.0,0.8999999999999998,False,False
VAE000057,vae_candidate_000057,0.7040864177311664,981.9367065429688,-6060.38623046875,6017.432448714402,1.7390673543691806,0.072350117345,4.824951515475933,42,8186.9446656978025,2299.0458943335643,2.231412154951886,1.4748754165656124,3072.5729517003474,0.3330089926760471,0.08427335710719965,0.9725315095763221,0.9954031157049127,1.0,0.27892651936898577,0.8314492904160432,1.0,0.0,0.07000229964073365,starboard_vae,starboard,False,0.049773864448070526,1.845481514930725,2.5823962688446045,1.7025343179702759,vae_candidate_pool_v1,belief_limited_heuristic_v1,79,59,3.6083333333333334,3.6083333333333334,3.5,1.6666666666666667,1.575,False,False
VAE000045,vae_candidate_000045,0.7032202034373308,4207.8583984375,-1957.9959716796875,4575.442843612166,2.686291555406593,0.0114161581594707,5.081263035722285,42,8304.4149055272,2045.811374251667,2.472149110945395,0.46671725634267186,8336.786590635129,0.26393087959407424,0.40876198987914675,0.9826859809059278,0.4499570602515985,1.0,0.3090186388681744,0.9084346706361226,1.0,0.0,0.07577133206823917,ahead_vae,ahead,False,0.06022338941693306,1.5552003383636475,2.9707703590393066,1.5528475046157837,vae_candidate_pool_v1,belief_limited_heuristic_v1,80,2,6.780000000000001,6.780000000000001,4.0,3.2333333333333334,3.3933333333333335,True,False
VAE000124,vae_candidate_000124,0.6991124238690767,-975.1674194335938,-6690.8310546875,6720.944573290918,1.3953801926678784,-0.004012953607069597,5.269184762218128,42,8273.741826436031,2517.377886527578,2.016503185682468,1.7421995073148457,3891.70114128933,0.32059940743447224,0.029322304514726397,0.9745233470168079,0.9853464033444937,1.0,0.2520628982103085,0.9697371855616173,1.0,0.0,0.06640832250079447,starboard_vae,starboard,False,0.10256429761648178,0.7777594923973083,2.0592212677001953,1.6854218244552612,vae_candidate_pool_v1,belief_limited_heuristic_v1,81,1,7.98166666666667,7.98166666666667,3.966666666666667,3.966666666666667,4.014999999999999,True,False
VAE000060,vae_candidate_000060,0.6951278040441374,1615.564453125,6357.99951171875,6598.291973550328,-1.8256509408532562,0.024644184512567925,4.9415774748908765,42,8347.84727577961,2545.8712321683925,1.9762339767690698,-1.291297528223969,4750.029161471992,0.23649930615811643,0.03572580771594024,0.986082072737438,0.9611938274410237,1.0,0.24702924709613372,0.9320638261093368,1.0,0.0,0.06604711272632846,port_vae,port,False,0.0641196221113205,1.0592498779296875,2.106199264526367,1.6795601844787598,vae_candidate_pool_v1,belief_limited_heuristic_v1,82,65,3.3366666666666673,3.3366666666666673,1.6333333333333333,1.6,1.73,False,False
VAE000128,vae_candidate_000128,0.6916716848147696,169.17108154296875,6411.228515625,6398.68505684963,-1.5740561849588652,0.019248346795598482,5.364585253685374,43,8245.959416979638,2518.290401049527,2.0707203542147647,-1.5482881218353295,2703.2385942042097,0.3724474464321607,0.04867516080062869,0.9657197598872943,0.9997467010488645,1.0,0.2588400442768456,0.8272486776729042,1.0,0.0,0.06651342392098786,port_vae,port,False,0.04926295205950737,1.9254465103149414,2.5673959255218506,1.5050643682479858,vae_candidate_pool_v1,belief_limited_heuristic_v1,83,82,2.4733333333333336,2.4733333333333336,3.8666666666666663,1.0,0.8999999999999998,False,False
VAE000031,vae_candidate_000031,0.6870215140908774,3535.794677734375,3780.62158203125,5228.041872185587,-2.3790703966788924,0.015620796053367409,5.2706313157467495,42,8173.912162504412,2353.8100085232204,2.1829707612482268,-0.7469014608575333,7597.099761113931,0.0019786605763290055,0.22049607309373137,0.9999990212259002,0.6793683248654011,1.0,0.27287134515602834,0.8178357061876983,1.0,0.0,0.069519106622458,ahead_vae,ahead,False,0.12639978528022766,1.2504583597183228,1.8553266525268555,1.6061147451400757,vae_candidate_pool_v1,belief_limited_heuristic_v1,84,18,5.15,5.15,2.566666666666667,2.533333333333333,2.609999999999999,True,False
VAE000015,vae_candidate_000015,0.6866568364915782,3476.28125,-5144.408203125,6339.641149805607,2.1768698902167536,0.06071059442613121,4.778443703475836,42,8443.980378240429,2312.7913809351735,2.150629579650624,1.0254333577991706,6357.428477995934,0.03792781288476199,0.053184757416244614,0.9996404133615626,0.8549390647609763,1.0,0.268828697456328,0.9679927786642832,1.0,0.0,0.06958146510083965,ahead_vae,ahead,False,0.10300606489181519,0.6677435636520386,2.9455008506774902,1.5303961038589478,vae_candidate_pool_v1,belief_limited_heuristic_v1,85,36,4.345,4.345,3.0,2.0,2.1450000000000005,False,False
VAE000005,vae_candidate_000005,0.6856022627021517,-1498.49267578125,-6191.6396484375,6423.674875865265,1.3493172677960321,-0.04017389421737695,4.831540555006346,42,8295.152875983114,2637.424276734475,1.919750974349385,1.7521014915763848,4089.9227987017252,0.19205990803845152,0.04686501462627957,0.990806560003339,0.9836091917937179,1.0,0.23996887179367313,0.7486573763617098,1.0,0.0,0.06496600847443378,starboard_vae,starboard,False,0.0403146855533123,1.8672195672988892,2.9759817123413086,1.4631916284561157,vae_candidate_pool_v1,belief_limited_heuristic_v1,86,39,4.319999999999999,4.319999999999999,3.1,2.0,2.1000000000000005,False,False
VAE000014,vae_candidate_000014,0.6848605869149005,-106.2298583984375,803.5493774414062,795.7055261874864,-1.4867748777135485,-0.025583602375145502,5.025586549655931,42,8067.34355844086,2502.0899731597283,2.0807304151745742,-1.68040137825139,3369.5281455876952,2.8142489602011147,0.6147539179235532,0.026550118731981043,0.993999377214796,1.0,0.2600913018968218,0.9999996311645684,1.0,1.0,0.12005014532945292,inside_convoy_envelope,inside,True,0.08721346408128738,0.8874333500862122,2.937739849090576,1.7677804231643677,vae_candidate_pool_v1,belief_limited_heuristic_v1,87,26,4.5,4.5,4.0,2.0,2.1000000000000005,False,False
VAE000047,vae_candidate_000047,0.6839051062904459,-848.8416137695312,-6145.33984375,6299.683958327685,1.370674835992882,0.03664635210285678,4.491635068649465,42,8083.510108048753,2406.8031056324476,2.158781767471911,1.8075641696997675,4235.739442160369,0.35816224777262784,0.056429098842469966,0.9682713178265432,0.9721011920433246,1.0,0.2698477209339889,0.7722476909852327,1.0,0.0,0.06819230915212386,starboard_vae,starboard,False,0.042901962995529175,2.3396904468536377,1.9457769393920898,1.7472341060638428,vae_candidate_pool_v1,belief_limited_heuristic_v1,88,64,3.411666666666666,3.411666666666666,2.566666666666667,1.5666666666666669,1.6449999999999998,False,False
VAE000094,vae_candidate_000094,0.6836435289496108,3403.8896484375,6833.0888671875,7771.141807951383,-2.013093784729272,-0.00033305911900881184,5.077344577743092,42,8445.999478360694,2306.611289157616,2.155876243554842,-1.12883192797953,5697.464964305613,0.08391808182139027,0.004281173061912194,0.9982404718351643,0.9039132031218335,1.0,0.2694845304443553,0.9893741444931067,1.0,0.0,0.06930148349099506,port_vae,port,False,0.09628608077764511,2.231072425842285,2.9386825561523438,1.4780141115188599,vae_candidate_pool_v1,belief_limited_heuristic_v1,89,32,4.363333333333333,4.363333333333333,2.933333333333333,2.066666666666667,2.1233333333333326,False,False
VAE000073,vae_candidate_000073,0.6833651259108161,3602.310546875,6296.93408203125,7221.349156933324,-2.0717998089315213,-0.024648807040480523,4.800461585184391,42,8319.625833210739,2434.047865083334,2.074036434397489,-1.0944416516987523,5977.975003685668,0.07723489791072691,0.012348546005218208,0.9985094338213394,0.8886723608175077,1.0,0.25925455429968614,0.9945155619084596,1.0,0.0,0.06743701610277361,ahead_vae,ahead,False,0.09373804181814194,1.8534388542175293,1.506710410118103,1.8411462306976318,vae_candidate_pool_v1,belief_limited_heuristic_v1,90,10,5.953333333333331,5.953333333333331,3.0,2.8666666666666667,3.060000000000001,True,False
VAE000035,vae_candidate_000035,0.6801835370100906,983.6407470703125,-6935.1259765625,7048.625894254267,1.7095512257618288,0.011591540930198435,4.899522289894466,42,8159.636707546833,2525.702035409413,2.0379632729689985,1.4436329687581628,3540.1212055542283,0.3659422448920449,0.016822908103597007,0.9668935064478067,0.9919256295530933,1.0,0.2547454091211248,0.8222533061954533,1.0,0.0,0.06622959346106991,starboard_vae,starboard,False,0.04866086319088936,0.7638554573059082,2.4229214191436768,1.3681633472442627,vae_candidate_pool_v1,belief_limited_heuristic_v1,91,4,6.199999999999998,6.199999999999998,4.0,3.0,3.0,True,False
VAE000103,vae_candidate_000103,0.6766952772232961,4692.0126953125,8927.1337890625,9983.048932980942,-2.0878387656941135,-0.04124620037004811,5.0325238724256725,42,8316.901032765052,2323.925823139883,2.173028863842053,-1.0950000882657276,5875.329910846668,0.0941926281527743,1.9019180394075564e-05,0.9977835766496925,0.888928289265224,1.0,0.2716286079802566,0.9618753940547125,1.0,0.0,0.0687396690051609,port_vae,port,False,0.10447154194116592,1.309682011604309,2.3738863468170166,1.2884693145751953,vae_candidate_pool_v1,belief_limited_heuristic_v1,92,19,5.086666666666665,5.086666666666665,2.466666666666667,2.466666666666667,2.6199999999999997,True,False
VAE000055,vae_candidate_000055,0.6732690211619201,-3150.681884765625,-5955.91064453125,6590.302429592863,1.0619881410060732,-0.035413148751780796,4.832524259363588,42,8142.543046502734,2624.5482171792605,1.9653263245260695,2.04419136383194,6048.186565757573,0.4135976111845002,0.03618131108940882,0.9578404247406349,0.8900255872102698,1.0,0.24566579056575868,0.9243190866901017,1.0,0.0,0.06510529326275546,astern_vae,astern,False,0.06278546899557114,1.5273938179016113,1.8834776878356934,1.2626475095748901,vae_candidate_pool_v1,belief_limited_heuristic_v1,93,99,1.9066666666666665,1.9066666666666665,1.0333333333333334,1.0,0.8999999999999998,False,False
VAE000068,vae_candidate_000068,0.6713730955516651,3394.6376953125,7129.9765625,7782.150362553732,-2.0354997576402467,-0.018932985855460112,5.346006560563705,42,8197.364381959456,2250.943507273773,2.2762001861060783,-1.1250258818050065,5565.298094301973,0.08186831238087856,0.004186434092183707,0.9983253305321105,0.902278753423425,1.0,0.2845250232632598,0.8640359231858817,1.0,0.0,0.07033174316969218,port_vae,port,False,0.0539059042930603,0.8689697980880737,1.9160737991333008,1.7845802307128906,vae_candidate_pool_v1,belief_limited_heuristic_v1,94,60,3.5833333333333335,3.5833333333333335,1.8,1.8,1.7833333333333334,False,False
VAE000039,vae_candidate_000039,0.6704105196331612,24.200775146484375,-749.8172607421875,745.9683241543927,1.6236878342864123,-0.03142348114903051,5.076422510383265,42,8078.3725845267645,2471.361949596727,2.1037254221277406,1.4864813381543505,3142.903829519528,3.0066100539045135,0.5962063838072756,0.004548163515845194,0.9964475966016367,1.0,0.2629656777659676,0.9686544605192885,1.0,1.0,0.12594457099024922,inside_convoy_envelope,inside,True,0.0716930478811264,2.277660846710205,1.965874433517456,1.5583558082580566,vae_candidate_pool_v1,belief_limited_heuristic_v1,95,87,2.4000000000000004,2.4000000000000004,3.0,1.0,1.0,False,False
VAE000066,vae_candidate_000066,0.668634048074652,-1126.17626953125,6995.38916015625,7134.783245369488,-1.4459286111386118,-0.0004228553620646695,4.976125356197001,42,8405.450378799675,2341.486964625383,2.13401052668298,-1.696086897813246,3373.5035460417903,0.5152387439238871,0.014438749203931121,0.9350875538969563,0.99216139847922,1.0,0.2667513158353725,0.7909194776106641,1.0,0.0,0.06887505606296983,port_vae,port,False,0.045002177357673645,0.7380946278572083,2.9732208251953125,1.9687724113464355,vae_candidate_pool_v1,belief_limited_heuristic_v1,96,88,2.3466666666666662,2.3466666666666662,2.2333333333333334,1.0,1.1000000000000003,False,False
VAE000076,vae_candidate_000076,0.6670943026942643,3658.356689453125,5959.78564453125,7009.019411890708,-2.1230422253945687,-0.03463680083742432,5.063820347631872,42,8231.594267949104,2332.4689847006694,2.187507026838691,-1.0531872290326487,6099.951012599522,0.11915196776169523,0.018030305250693872,0.9964548993296732,0.8690046899738132,1.0,0.27343837835483636,0.8546352782688877,1.0,0.0,0.06909932301836971,ahead_vae,ahead,False,0.05267981439828873,1.8722573518753052,1.9805443286895752,1.9208245277404785,vae_candidate_pool_v1,belief_limited_heuristic_v1,97,92,2.2766666666666664,2.2766666666666664,2.1333333333333333,1.0,1.0500000000000005,False,False
VAE000003,vae_candidate_000003,0.6657840038640708,-1786.08837890625,5687.169921875,6066.682333381497,-1.285870017747562,-0.028842741409498104,4.419226753717485,42,8201.196762906997,2301.128020023356,2.225518855177239,-1.8845653772517292,4720.045490904454,0.7327492819909709,0.07874782663151987,0.8716690878794621,0.9511770269207362,1.0,0.27818985689715486,0.8058892985217291,1.0,0.0,0.06994296117619085,port_vae,port,False,0.04672662168741226,1.912071704864502,2.439289093017578,1.0406087636947632,vae_candidate_pool_v1,belief_limited_heuristic_v1,98,72,2.700000000000001,2.700000000000001,4.0,1.0,1.1000000000000003,False,False
VAE000097,vae_candidate_000097,0.6640535051949938,3550.554443359375,8370.2724609375,9103.093059584548,-1.9879771608633745,-0.0007201745597510747,5.494695721215315,42,8284.419223552137,2251.684395337675,2.2515401954081002,-1.1543356672861698,5410.489277269249,0.20052720399842716,0.00020476264352566599,0.9899808511893484,0.9145264212862554,1.0,0.28144252442601253,0.8003351020077948,1.0,0.0,0.07009371383154814,port_vae,port,False,0.04608216881752014,2.2299365997314453,1.9963003396987915,1.366283655166626,vae_candidate_pool_v1,belief_limited_heuristic_v1,99,98,2.0533333333333337,2.0533333333333337,1.7666666666666666,1.0,0.8999999999999998,False,False
VAE000104,vae_candidate_000104,0.6200452378619762,-4121.5224609375,-4639.640625,6200.73064425094,0.7919689253237929,0.003074172531958335,4.715430394407651,42,8231.216735756661,2416.573721497965,2.1114714067150673,2.352697900797959,7514.702355948706,0.4522061398518759,0.06517179884305159,0.949742658535532,0.7095749156323107,1.0,0.2639339258393834,0.6815283178308983,1.0,0.0,0.06804318417562251,astern_vae,astern,False,0.03323044627904892,1.1422266960144043,2.4988481998443604,1.0860549211502075,vae_candidate_pool_v1,belief_limited_heuristic_v1,100,71,2.813333333333332,2.813333333333332,2.2666666666666666,1.3666666666666667,1.2666666666666664,False,False
